,Id(%),CYPname,Subfamily,Family,Absidia_glauca_gca_900079185.AG_v1.pep.all,Absidia_repens_gca_002105175.Absrep1.pep.all,Acaromyces_ingoldii_gca_003144295.Acain1.pep.all,Acidomyces_richmondensis_bfw_gca_001592465.Acidomyces_richmondensis_BFW_v1.0.pep.all,Acidomyces_richmondensis_gca_001572075.ASM157207v1.pep.all,Agaricus_bisporus_var_burnettii_jb137_s8_gca_000300555.Agabi_varbur_1.pep.all,Alternaria_alternata_gca_001642055.Altal1.pep.all,Amorphotheca_resinae_atcc_22711_gca_003019875.Amore1.pep.all,Aspergillus_indologenus_cbs_114_80_gca_003184685.Aspind1.pep.all,Aspergillus_japonicus_cbs_114_51_gca_003184785.Aspjap1.pep.all
EKM74729,44.2,CYP5150A2,New_subf_67_CYP5150,CYP5150,0,0,0,0,0,"['EKM74729', 'EKM76061', 'EKM75570', 'EKM79543', 'EKM78808']",0,0,0,0
EKM74751,46.2,CYP5152A1,New_subf_68_CYP5152,CYP5152,0,0,0,0,0,['EKM74751'],0,0,0,0
EKM74893,45.1,CYP63B1,New_subf_66_CYP63,CYP63,0,0,0,0,0,['EKM74893'],0,0,0,0
EKM75106,40.3,CYP63A3,New_subf_65_CYP63,CYP63,0,0,0,0,0,"['EKM75106', 'EKM75104']",0,0,0,0
EKM75454,40.8,CYP5032A1,New_subf_62_CYP5032,CYP5032,0,0,0,0,0,"['EKM75454', 'EKM79722']",0,0,0,0
EKM75480,35.5,CYP5037B1,New_subf_64_New_family_11,New_family_11,0,0,0,0,0,['EKM75480'],0,0,0,0
EKM75591,31.3,CYP620E3,New_subf_63_New_family_10,New_family_10,0,0,0,0,0,['EKM75591'],0,0,0,0
EKM75602,48.0,CYP699A1,New_subf_61_CYP699,CYP699,0,0,0,0,0,['EKM75602'],0,0,0,0
EKM75926,42.3,CYP5139A1,New_subf_60_CYP5139,CYP5139,0,0,0,0,0,['EKM75926'],0,0,0,0
EKM76640,50.3,CYP63A3,New_subf_59_CYP63,CYP63,0,0,0,0,0,['EKM76640'],0,0,0,0
EKM76776,42.6,CYP5156A1,New_subf_57_CYP5156,CYP5156,0,0,0,0,0,['EKM76776'],0,0,0,0
EKM76890,39.2,CYP5145A2,New_subf_58_New_family_9,New_family_9,0,0,0,0,0,['EKM76890'],0,0,0,0
EKM77265,80.8,CYP66A1,CYP66A,CYP66,0,0,0,0,0,"['EKM77265', 'EKM77276', 'EKM74686', 'EKM77271', 'EKM76367', 'EKM76722', 'EKM77273', 'EKM75196', 'EKM79688']",0,0,0,0
EKM77450,56.7,CYP53C2,CYP53C,CYP53,0,0,0,0,0,"['EKM77450', 'EKM77283']",0,0,0,0
EKM77487,49.1,CYP5037B1,New_subf_44_CYP5037,CYP5037,0,0,0,0,0,['EKM77487'],0,0,0,0
EKM77557,50.3,CYP66B1,New_subf_45_CYP66,CYP66,0,0,0,0,0,['EKM77557'],0,0,0,0
EKM77564,47.0,CYP5141C1,New_subf_46_CYP5141,CYP5141,0,0,0,0,0,"['EKM77564', 'EKM76284', 'EKM77571', 'EKM77566', 'EKM76286']",0,0,0,0
EKM77631,36.6,CYP620E8,New_subf_48_New_family_8,New_family_8,0,0,0,0,0,"['EKM77631', 'EKM77629']",0,0,0,0
EKM77717,84.7,CYP66B1,CYP66B,CYP66,0,0,0,0,0,"['EKM77717', 'EKM77722', 'EKM74261', 'EKM77725', 'EKM77719', 'EKM77757']",0,0,0,0
EKM77746,55.5,CYP502B1,CYP502B,CYP502,0,0,0,0,0,['EKM77746'],0,0,0,0
EKM77775,40.0,CYP5145A2,New_subf_56_CYP5145,CYP5145,0,0,0,0,0,['EKM77775'],0,0,0,0
EKM78073,64.1,CYP51F1,CYP51F,CYP51,0,0,0,0,0,['EKM78073'],0,0,0,0
EKM78106,50.2,CYP699A2,New_subf_55_CYP699,CYP699,0,0,0,0,0,"['EKM78106', 'EKM75580']",0,0,0,0
EKM78213,51.0,CYP699A1,New_subf_54_CYP699,CYP699,0,0,0,0,0,"['EKM78213', 'EKM75590']",0,0,0,0
EKM78269,60.0,CYP620H9,CYP620H,CYP620,0,0,0,0,0,"['EKM78269', 'EKM79763']",0,0,0,0
EKM78856,79.7,CYP699A1,CYP699A,CYP699,0,0,0,0,0,"['EKM78856', 'EKM78855', 'EKM78860', 'EKM78867', 'EKM78869', 'EKM78858', 'EKM73640']",0,0,0,0
EKM79525,42.1,CYP5150A1,New_subf_52_CYP5150,CYP5150,0,0,0,0,0,"['EKM79525', 'EKM79539']",0,0,0,0
EKM79541,42.8,CYP5150C1,New_subf_53_CYP5150,CYP5150,0,0,0,0,0,"['EKM79541', 'EKM79501', 'EKM79542']",0,0,0,0
EKM79809,45.8,CYP5140A1,New_subf_50_CYP5140,CYP5140,0,0,0,0,0,['EKM79809'],0,0,0,0
EKM80269,59.4,CYP5037B1,CYP5037B,CYP5037,0,0,0,0,0,"['EKM80269', 'EKM78330']",0,0,0,0
EKM80790,49.2,CYP5137A1,New_subf_47_CYP5137,CYP5137,0,0,0,0,0,['EKM80790'],0,0,0,0
EKM80914,63.0,CYP5151A2,CYP5151A,CYP5151,0,0,0,0,0,['EKM80914'],0,0,0,0
EKM81055,43.3,CYP5141C1,New_subf_49_CYP5141,CYP5141,0,0,0,0,0,['EKM81055'],0,0,0,0
EKM81315,44.1,CYP63A3,New_subf_51_CYP63,CYP63,0,0,0,0,0,"['EKM81315', 'EKM75105']",0,0,0,0
EKM82151,46.5,CYP63A4,New_subf_43_CYP63,CYP63,0,0,0,0,0,['EKM82151'],0,0,0,0
EKM82283,53.1,CYP5037B1,New_subf_41_CYP5037,CYP5037,0,0,0,0,0,['EKM82283'],0,0,0,0
EKM82318,35.3,CYP5144D3,New_subf_42_New_family_7,New_family_7,0,0,0,0,0,['EKM82318'],0,0,0,0
EKM83173,57.2,CYP5151B1,CYP5151B,CYP5151,0,0,0,0,0,['EKM83173'],0,0,0,0
EKM83625,66.7,CYP61A1,CYP61A,CYP61,0,0,0,0,0,['EKM83625'],0,0,0,0
EKM84417,55.0,CYP5148B1,CYP5148B,CYP5148,0,0,0,0,0,"['EKM84417', 'EKM84422']",0,0,0,0
KXL46836,58.1,CYP5053C2,CYP5053C,CYP5053,0,0,0,"['KYG47033', 'KYG45255']",['KXL46836'],0,0,0,0,0
KXL46846,55.9,CYP5053C1,CYP5053C,CYP5053,0,0,0,0,['KXL46846'],0,0,0,0,0
KXL49142,35.7,CYP59E2,New_subf_40_New_family_6,New_family_6,0,0,0,['KYG41487'],['KXL49142'],0,0,0,0,0
KXL49674,42.6,CYP5305A1P,New_subf_39_CYP5305,CYP5305,0,0,0,['KYG41897'],['KXL49674'],0,0,0,0,0
KYG40697,52.8,CYP682-un3,New_subf_21_CYP6,CYP6,0,0,0,['KYG40697'],['KXL46328'],0,0,0,0,0
KYG41641,50.4,CYP65BB1,New_subf_37_CYP65,CYP65,0,0,0,['KYG41641'],['KXL49352'],0,0,0,0,0
KYG42037,74.7,CYP5078A7,CYP5078A,CYP5078,0,0,0,['KYG42037'],['KXL49582'],0,0,['PSS25539'],0,0
KYG42061,52.9,CYP584E5,New_subf_32_CYP584,CYP584,0,0,0,['KYG42061'],['KXL50084'],0,0,0,0,0
KYG42074,65.9,CYP55A18,CYP55A1,CYP55,0,0,0,['KYG42074'],['KXL50294'],0,0,0,0,0
KYG42128,73.6,CYP548A9,CYP548A,CYP548,0,0,0,['KYG42128'],['KXL50367'],0,['OAG18159'],['PSS23485'],0,0
KYG42326,62.8,CYP534D1,CYP534D,CYP534,0,0,0,['KYG42326'],['KXL44877'],0,0,0,0,0
KYG42455,39.6,CYP530A5,New_subf_33_New_family_4,New_family_4,0,0,0,['KYG42455'],['KXL51012'],0,0,0,0,0
KYG42673,43.8,CYP630B9,New_subf_31_CYP630,CYP630,0,0,0,['KYG42673'],['KXL42446'],0,0,0,0,0
KYG42693,65.0,CYP532K1,CYP532K,CYP532,0,0,0,['KYG42693'],['KXL51254'],0,0,0,0,0
KYG43039,36.6,CYP5078A8,New_subf_30_New_family_3,New_family_3,0,0,0,['KYG43039'],['KXL41704'],0,0,0,0,0
KYG43148,60.9,CYP617G2,CYP617G,CYP617,0,0,0,['KYG43148'],['KXL48014'],0,0,0,0,0
KYG43404,42.3,CYP578B1,New_subf_29_CYP578,CYP578,0,0,0,['KYG43404'],['KXL42395'],0,0,0,0,0
KYG43808,44.2,CYP687A2,New_subf_28_CYP687,CYP687,0,0,0,['KYG43808'],['KXL42997'],0,0,0,0,0
KYG43984,47.7,CYP62C1,New_subf_27_CYP62,CYP62,0,0,0,['KYG43984'],['KXL45254'],0,0,0,0,0
KYG44365,62.9,CYP505K1,CYP505K,CYP505,0,0,0,['KYG44365'],['KXL43553'],0,0,0,0,0
KYG44587,50.2,CYP677A2,New_subf_26_CYP677,CYP677,0,0,0,['KYG44587'],['KXL43858'],0,0,0,0,0
KYG44645,43.1,CYP5190B1,New_subf_25_CYP5190,CYP5190,0,0,0,['KYG44645'],['KXL43911'],0,0,0,0,0
KYG44897,68.4,CYP539A9,CYP539A,CYP539,0,0,0,['KYG44897'],['KXL44301'],0,['OAG19101'],['PSS16950'],0,0
KYG44934,83.2,CYP65BB1,CYP65BB,CYP65,0,0,0,['KYG44934'],['KXL44406'],0,0,0,0,0
KYG45217,59.6,CYP548E6,CYP548E,CYP548,0,0,0,['KYG45217'],['KXL44961'],0,['OAG16359'],0,0,0
KYG45260,46.6,CYP5189A1,New_subf_23_CYP5189,CYP5189,0,0,0,['KYG45260'],['KXL46851'],0,0,0,0,0
KYG45365,68.2,CYP584J2,CYP584J,CYP584,0,0,0,['KYG45365'],['KXL45240'],0,0,0,0,0
KYG45555,63.6,CYP504E7,CYP504E,CYP504,0,0,0,['KYG45555'],['KXL45507'],0,0,0,0,0
KYG46072,69.5,CYP530A3,CYP530A,CYP530,0,0,0,['KYG46072'],['KXL46210'],0,0,"['PSS10977', 'PSS21844']",0,0
KYG46162,50.0,CYP684D1,New_subf_24_CYP684,CYP684,0,0,0,['KYG46162'],['KXL46389'],0,0,0,0,0
KYG46240,60.0,CYP5078B2,CYP5078B,CYP5078,0,0,0,['KYG46240'],['KXL46594'],0,0,0,0,0
KYG46436,50.7,CYP596B1,New_subf_22_CYP596,CYP596,0,0,0,['KYG46436'],['KXL46993'],0,0,0,0,0
KYG46671,62.4,CYP505A20,CYP505A2,CYP505,0,0,0,['KYG46671'],['KXL48033'],0,0,0,0,0
KYG46886,77.9,CYP536A4,CYP536A,CYP536,0,0,0,['KYG46886'],['KXL47341'],0,0,0,0,0
KYG47263,51.0,CYP65AT1,New_subf_38_CYP65,CYP65,0,0,0,['KYG47263'],['KXL48082'],0,0,0,0,0
KYG47455,59.2,CYP5196A4,CYP5196A,CYP5196,0,0,0,['KYG47455'],['KXL48655'],0,0,0,0,0
KYG47951,62.0,CYP52R1,CYP52R,CYP52,0,0,0,['KYG47951'],['KXL49824'],0,0,0,0,0
KYG48219,52.9,CYP5104B1,New_subf_36_CYP5104,CYP5104,0,0,0,['KYG48219'],['KXL43926'],0,0,0,0,0
KYG48379,54.0,CYP578G2,New_subf_35_CYP578,CYP578,0,0,0,['KYG48379'],['KXL45274'],0,0,0,0,0
KYG48692,70.9,CYP570G2,CYP570G,CYP570,0,0,0,['KYG48692'],['KXL51350'],0,0,0,0,0
KYG48786,38.9,CYP52R2,New_subf_34_New_family_5,New_family_5,0,0,0,['KYG48786'],['KXL51422'],0,0,0,0,0
KYG48852,60.8,CYP65AM4,CYP65AM,CYP65,0,0,0,['KYG48852'],['KXL48830'],0,0,0,0,0
KYG48945,56.2,CYP59E2,CYP59E,CYP59,0,0,0,['KYG48945'],['KXL51530'],0,0,0,0,0
KYG49557,56.8,CYP6001A5,CYP6001A,CYP6001,0,0,0,['KYG49557'],['KXL43130'],0,0,0,0,0
KYG50123,58.5,CYP5050A1,CYP5050A,CYP5050,0,0,0,['KYG50123'],['KXL47544'],0,0,0,['PYI24872'],0
KYG50139,71.3,CYP5093A5,CYP5093A,CYP5093,0,0,0,['KYG50139'],['KXL47560'],0,['OAG16502'],['PSS22482'],0,0
KYG50242,65.4,CYP543B1,CYP543B,CYP543,0,0,0,['KYG50242'],['KXL48209'],0,0,0,0,0
OAG13248,56.0,CYP5053C2,CYP5053C,CYP5053,0,0,0,0,['KXL47613'],0,"['OAG13248', 'OAG17338']",0,0,0
OAG13289,58.3,CYP505A9,CYP505A,CYP505,0,0,0,0,0,0,['OAG13289'],0,0,0
OAG13581,33.0,CYP663B3P,New_subf_107_New_family_17,New_family_17,0,0,0,0,0,0,"['OAG13581', 'OAG17285']",0,0,0
OAG13648,48.1,CYP527D1,New_subf_105_CYP527,CYP527,0,0,0,0,0,0,['OAG13648'],0,0,0
OAG13732,47.3,CYP617A1,New_subf_104_CYP617,CYP617,0,0,0,0,0,0,['OAG13732'],0,0,0
OAG14089,37.8,CYP682B4,New_subf_102_New_family_16,New_family_16,0,0,0,0,0,0,['OAG14089'],0,0,0
OAG14091,51.9,CYP576A4,New_subf_103_CYP576,CYP576,0,0,0,0,0,0,['OAG14091'],0,0,0
OAG14134,38.7,CYP58G1,New_subf_101_New_family_15,New_family_15,0,0,0,0,0,0,['OAG14134'],0,0,0
OAG14535,43.2,CYP5080H1,New_subf_100_CYP5080,CYP5080,0,0,0,0,0,0,['OAG14535'],0,0,0
OAG14774,62.9,CYP59D1,CYP59D,CYP59,0,0,0,0,0,0,['OAG14774'],0,0,0
OAG14804,44.9,CYP65AM2,New_subf_98_CYP65,CYP65,0,0,0,0,0,0,"['OAG14804', 'OAG13418']",0,0,0
OAG14821,70.5,CYP629A1,CYP629A,CYP629,0,0,0,0,0,0,['OAG14821'],0,0,0
OAG15182,62.6,CYP5053A2,CYP5053A,CYP5053,0,0,0,0,0,0,['OAG15182'],0,0,0
OAG15186,46.3,CYP680A6,New_subf_96_CYP680,CYP680,0,0,0,0,0,0,['OAG15186'],0,0,0
OAG15189,48.3,CYP654B1,New_subf_97_CYP654,CYP654,0,0,0,0,0,0,['OAG15189'],0,0,0
OAG15193,53.1,CYP567E2,New_subf_99_CYP567,CYP567,0,0,0,0,0,0,['OAG15193'],0,0,0
OAG15196,56.4,CYP567D2,CYP567D,CYP567,0,0,0,0,0,0,['OAG15196'],0,0,0
OAG15530,56.8,CYP5103B1,CYP5103B,CYP5103,0,0,0,0,0,0,['OAG15530'],0,0,0
OAG15816,67.6,CYP65J1,CYP65J,CYP65,0,0,0,0,0,0,['OAG15816'],0,0,0
OAG15817,60.9,CYP585A3P,CYP585A3P,CYP585,0,0,0,0,0,0,['OAG15817'],0,0,0
OAG15895,49.4,CYP5050A1,New_subf_95_CYP5050,CYP5050,0,0,0,0,0,0,['OAG15895'],0,0,0
OAG15928,59.0,CYP62B2,CYP62B,CYP62,0,0,0,0,0,0,['OAG15928'],0,0,0
OAG16136,59.2,CYP5080A2,CYP5080A,CYP5080,0,0,0,0,0,0,['OAG16136'],0,0,0
OAG16731,69.8,CYP5076B1,CYP5076B,CYP5076,0,0,0,0,0,0,['OAG16731'],0,0,0
OAG16747,54.1,CYP595B3,New_subf_90_CYP595,CYP595,0,0,0,0,0,0,['OAG16747'],0,0,0
OAG16791,54.0,CYP56B1,New_subf_94_CYP56,CYP56,0,0,0,0,0,0,['OAG16791'],0,0,0
OAG16961,50.4,CYP5301A2P,New_subf_92_CYP5301,CYP5301,0,0,0,0,0,0,['OAG16961'],0,0,0
OAG17078,57.8,CYP530A12,CYP530A1,CYP530,0,0,0,0,0,0,['OAG17078'],"['PSS12181', 'PSS13093']",['PYI24920'],['RAH78914']
OAG17126,40.0,CYP52P1,New_subf_88_CYP52,CYP52,0,0,0,0,0,0,['OAG17126'],0,0,0
OAG17341,51.6,CYP5259A1,New_subf_89_CYP5259,CYP5259,0,0,0,0,0,0,['OAG17341'],0,0,0
OAG17343,48.5,CYP532A9,New_subf_91_CYP532,CYP532,0,0,0,0,0,0,['OAG17343'],0,0,0
OAG17361,44.4,CYP65T6,New_subf_93_CYP65,CYP65,0,0,0,0,0,0,['OAG17361'],0,0,0
OAG18162,46.9,CYP620E4P,New_subf_86_CYP620,CYP620,0,0,0,0,0,0,"['OAG18162', 'OAG13910']",0,0,0
OAG18194,45.3,CYP59A1,New_subf_87_CYP59,CYP59,0,0,0,0,0,0,['OAG18194'],0,0,0
OAG18659,85.0,CYP62E1,CYP62E,CYP62,0,0,0,0,0,0,['OAG18659'],0,0,0
OAG18924,45.2,CYP684D1,New_subf_83_CYP684,CYP684,0,0,0,0,0,0,['OAG18924'],0,0,0
OAG19148,51.1,CYP682L1P,New_subf_85_CYP682,CYP682,0,0,0,0,0,0,['OAG19148'],0,0,0
OAG19195,73.5,CYP5063A6,CYP5063A,CYP5063,0,0,0,0,0,0,['OAG19195'],0,0,0
OAG19381,66.4,CYP61A1,CYP61A,CYP61,0,0,0,['KYG42856'],['KXL41474'],0,['OAG19381'],['PSS25681'],['PYI36475'],['RAH83593']
OAG19538,39.6,CYP5241A1,New_subf_84_New_family_14,New_family_14,0,0,0,0,0,0,['OAG19538'],0,0,0
OAG19996,44.4,CYP561D2P,New_subf_82_CYP561,CYP561,0,0,0,0,0,0,['OAG19996'],0,0,0
OAG20437,72.4,CYP552C2,CYP552C,CYP552,0,0,0,0,0,0,['OAG20437'],0,0,0
OAG20494,65.1,CYP567B2,CYP567B,CYP567,0,0,0,0,0,0,['OAG20494'],0,0,0
OAG20589,55.1,CYP570D4,CYP570D,CYP570,0,0,0,0,0,0,['OAG20589'],0,0,0
OAG21090,51.0,CYP5238A1,New_subf_80_CYP5238,CYP5238,0,0,0,0,0,0,['OAG21090'],0,0,0
OAG21091,60.7,CYP5127A1,CYP5127A,CYP5127,0,0,0,0,0,0,['OAG21091'],0,0,0
OAG21222,37.4,CYP586E1,New_subf_81_New_family_13,New_family_13,0,0,0,0,0,0,['OAG21222'],0,0,0
OAG21662,87.7,CYP53A15,CYP53A1,CYP53,0,0,0,['KYG48327'],['KXL50402'],0,['OAG21662'],['PSS25158'],['PYI27932'],['RAH76743']
OAG21755,60.2,CYP673C2,CYP673C,CYP673,0,0,0,0,0,0,['OAG21755'],0,0,0
OAG22084,44.4,CYP619C2,New_subf_79_CYP619,CYP619,0,0,0,0,0,0,['OAG22084'],0,0,0
OAG22236,76.6,CYP504E3,CYP504E,CYP504,0,0,0,0,0,0,['OAG22236'],0,0,0
OAG22248,63.7,CYP552B4,CYP552B,CYP552,0,0,0,0,0,0,['OAG22248'],0,0,0
OAG22251,64.1,CYP5307A1,CYP5307A,CYP5307,0,0,0,0,0,0,['OAG22251'],0,0,0
OAG22826,49.6,CYP535E1,New_subf_78_CYP535,CYP535,0,0,0,0,0,0,['OAG22826'],0,0,0
OAG23379,59.5,CYP532A9,CYP532A,CYP532,0,0,0,['KYG46967'],['KXL49066'],0,['OAG23379'],0,0,0
OAG23433,52.9,CYP671B3,New_subf_77_CYP671,CYP671,0,0,0,0,0,0,['OAG23433'],0,0,0
OAG23552,52.0,CYP535E1,New_subf_75_CYP535,CYP535,0,0,0,0,0,0,['OAG23552'],0,0,0
OAG24020,56.9,CYP584E12,CYP584E1,CYP584,0,0,0,0,0,0,['OAG24020'],0,0,0
OAG24292,75.2,CYP5046A2,CYP5046A,CYP5046,0,0,0,0,0,0,['OAG24292'],0,['PYI26719'],0
OAG24492,51.0,CYP52G3,New_subf_73_CYP52,CYP52,0,0,0,0,0,0,['OAG24492'],0,0,0
OAG24605,64.3,CYP545A1,CYP545A,CYP545,0,0,0,0,0,0,['OAG24605'],0,0,0
OAG24785,43.9,CYP65AH1,New_subf_74_CYP65,CYP65,0,0,0,0,0,0,['OAG24785'],0,0,0
OAG24835,39.4,CYP643B2,New_subf_76_New_family_12,New_family_12,0,0,0,0,0,0,['OAG24835'],0,0,0
OAG24906,54.5,CYP677A1,New_subf_69_CYP677,CYP677,0,0,0,0,0,0,['OAG24906'],0,0,0
OAG24973,85.4,CYP6001A3,CYP6001A,CYP6001,0,0,0,0,0,0,['OAG24973'],0,0,0
OAG25286,53.7,CYP65BB1,New_subf_71_CYP65,CYP65,0,0,0,0,0,0,['OAG25286'],0,0,0
OAG25488,78.2,CYP675D1,CYP675D,CYP675,0,0,0,0,0,0,['OAG25488'],0,0,0
OAG25494,46.8,CYP547D2,New_subf_72_CYP547,CYP547,0,0,0,0,0,0,['OAG25494'],0,0,0
OAG25903,49.3,CYP543C1,New_subf_70_CYP543,CYP543,0,0,0,0,0,0,['OAG25903'],0,0,0
ORY99476,44.8,CYP509A1,New_subf_12_CYP509,CYP509,"['SAM01872', 'SAL94730']",['ORY99476'],0,0,0,0,0,0,0,0
ORZ04757,45.6,CYP509F1,New_subf_10_CYP509,CYP509,0,"['ORZ04757', 'ORZ04759', 'ORZ07157', 'ORZ07149', 'ORZ05651', 'ORZ04752']",0,0,0,0,0,0,0,0
ORZ05055,57.5,CYP5211A1,CYP5211A,CYP5211,['SAM03761'],['ORZ05055'],0,0,0,0,0,0,0,0
ORZ05075,47.3,CYP5311A1,New_subf_9_CYP5311,CYP5311,"['SAM09179', 'SAM06488']","['ORZ05075', 'ORZ15104']",0,0,0,0,0,0,0,0
ORZ12764,45.6,CYP5313A1,New_subf_8_CYP5313,CYP5313,"['SAM08256', 'SAM08257']","['ORZ12764', 'ORZ19679']",0,0,0,0,0,0,0,0
ORZ13645,55.2,CYP5208A1,CYP5208A,CYP5208,['SAM08129'],['ORZ13645'],0,0,0,0,0,0,0,0
ORZ17105,62.2,CYP5203A5,CYP5203A,CYP5203,"['SAM04195', 'SAL94944', 'SAM01792']","['ORZ17105', 'ORZ16397', 'ORZ15962']",0,0,0,0,0,0,0,0
ORZ18900,48.1,CYP509A1,New_subf_11_CYP509,CYP509,"['SAM09449', 'SAM09448', 'SAL96577']",['ORZ18900'],0,0,0,0,0,0,0,0
ORZ18901,39.8,CYP509B1,New_subf_14_New_family_1,New_family_1,0,['ORZ18901'],0,0,0,0,0,0,0,0
ORZ18902,46.6,CYP509F1,New_subf_13_CYP509,CYP509,0,['ORZ18902'],0,0,0,0,0,0,0,0
ORZ24374,45.0,CYP509F1,New_subf_7_CYP509,CYP509,0,['ORZ24374'],0,0,0,0,0,0,0,0
PSS06679,37.6,CYP52F1,New_subf_125_New_family_18,New_family_18,0,0,0,0,0,0,0,['PSS06679'],0,0
PSS06706,50.4,CYP6001C7,New_subf_128_CYP6001,CYP6001,0,0,0,0,0,0,0,['PSS06706'],0,0
PSS06910,45.5,CYP5095A2,New_subf_124_CYP5095,CYP5095,0,0,0,0,0,0,0,['PSS06910'],0,0
PSS10965,59.7,CYP5168A2,CYP5168A,CYP5168,0,0,0,0,0,0,0,['PSS10965'],0,0
PSS12218,50.7,CYP530A2,New_subf_123_CYP530,CYP530,0,0,0,0,0,0,0,['PSS12218'],0,0
PSS12790,53.8,CYP53A16,New_subf_119_CYP53,CYP53,0,0,0,0,0,0,0,['PSS12790'],0,0
PSS12811,40.5,CYP578C4,New_subf_122_CYP578,CYP578,0,0,0,0,0,0,0,['PSS12811'],0,0
PSS13208,52.0,CYP578A1,New_subf_118_CYP578,CYP578,0,0,0,0,0,0,0,['PSS13208'],0,0
PSS15307,40.4,CYP531E2,New_subf_120_CYP531,CYP531,0,0,0,0,0,0,0,['PSS15307'],0,0
PSS16940,47.9,CYP52G8,New_subf_117_CYP52,CYP52,0,0,0,0,0,0,0,['PSS16940'],0,0
PSS18369,60.8,CYP608A3,CYP608A,CYP608,0,0,0,0,0,0,0,['PSS18369'],0,0
PSS18485,49.4,CYP65AF1,New_subf_116_CYP65,CYP65,0,0,0,0,0,0,0,['PSS18485'],0,0
PSS18528,65.2,CYP532A1,CYP532A,CYP532,0,0,0,0,0,0,0,['PSS18528'],0,0
PSS18566,51.8,CYP505A13,New_subf_121_CYP505,CYP505,0,0,0,0,0,0,0,['PSS18566'],0,0
PSS18861,64.5,CYP619B2,CYP619B,CYP619,0,0,0,['KYG48922'],['KXL51458'],0,0,['PSS18861'],0,0
PSS22158,53.7,CYP544A4,New_subf_113_CYP544,CYP544,0,0,0,0,0,0,0,['PSS22158'],0,0
PSS22514,50.6,CYP584G2,New_subf_114_CYP584,CYP584,0,0,0,0,0,0,0,['PSS22514'],0,0
PSS22721,53.0,CYP530A4,New_subf_111_CYP530,CYP530,0,0,0,0,0,0,0,['PSS22721'],0,0
PSS22960,47.2,CYP5308A1,New_subf_112_CYP5308,CYP5308,0,0,0,0,0,0,0,['PSS22960'],0,0
PSS23090,57.2,CYP5128B2,CYP5128B,CYP5128,0,0,0,0,0,0,['OAG23705'],['PSS23090'],0,0
PSS23408,50.0,CYP623B3,New_subf_115_CYP623,CYP623,0,0,0,0,0,0,0,['PSS23408'],0,0
PSS23422,55.1,CYP5268A2,CYP5268A,CYP5268,0,0,0,0,0,0,0,['PSS23422'],0,0
PSS27034,63.4,CYP584G2,CYP584G,CYP584,0,0,0,0,0,0,0,"['PSS27034', 'PSS12166']",0,0
PSS27759,75.1,CYP504B8,CYP504B,CYP504,0,0,0,0,0,0,['OAG17728'],['PSS27759'],['PYI33780'],['RAH81029']
PSS27892,54.7,CYP617A1,New_subf_106_CYP617,CYP617,0,0,0,0,0,0,0,['PSS27892'],0,0
PSS28231,49.6,CYP547D2,New_subf_109_CYP547,CYP547,0,0,0,0,0,0,0,['PSS28231'],0,0
PSS28335,43.9,CYP677A2,New_subf_110_CYP677,CYP677,0,0,0,0,0,0,0,['PSS28335'],0,0
PSS28479,48.9,CYP5043B2,New_subf_108_CYP5043,CYP5043,0,0,0,0,0,0,0,['PSS28479'],0,0
PWN86887,50.7,CYP5026B1,New_subf_20_CYP5026,CYP5026,0,0,['PWN86887'],0,0,0,0,0,0,0
PWN87225,65.8,CYP504C1,CYP504C,CYP504,0,0,['PWN87225'],0,0,0,0,0,0,0
PWN87633,54.0,CYP6004A1,New_subf_19_CYP6004,CYP6004,0,0,['PWN87633'],0,0,0,['OAG13829'],0,0,0
PWN88004,55.2,CYP5027A1,CYP5027A,CYP5027,0,0,['PWN88004'],0,0,0,0,0,0,0
PWN88657,60.9,CYP51F1,CYP51F,CYP51,0,0,['PWN88657'],0,0,0,0,0,0,0
PWN89279,47.7,CYP5026A1,New_subf_18_CYP5026,CYP5026,0,0,['PWN89279'],0,0,0,0,0,0,0
PWN91667,42.5,CYP5028A1,New_subf_16_CYP5028,CYP5028,0,0,['PWN91667'],0,0,0,0,0,0,0
PWN92563,34.2,CYP5037C1,New_subf_17_New_family_2,New_family_2,0,0,['PWN92563'],0,0,0,0,0,0,0
PWN92807,67.1,CYP61A1,CYP61A,CYP61,0,0,['PWN92807'],0,0,0,0,0,0,0
PWN93694,72.5,CYP53C1,CYP53C,CYP53,0,0,['PWN93694'],0,0,0,0,0,0,0
PWN93697,51.2,CYP5026B1,New_subf_15_CYP5026,CYP5026,0,0,['PWN93697'],0,0,0,0,0,0,0
PYI25535,41.5,CYP5168A2,New_subf_152_CYP5168,CYP5168,0,0,0,0,0,0,0,0,['PYI25535'],0
PYI25695,42.7,CYP5119A1,New_subf_150_CYP5119,CYP5119,0,0,0,0,0,0,0,0,['PYI25695'],['RAH85329']
PYI25988,64.9,CYP65AK1,CYP65AK,CYP65,0,0,0,0,0,0,0,0,['PYI25988'],['RAH84554']
PYI26859,41.2,CYP58G1,New_subf_149_CYP58,CYP58,0,0,0,0,0,0,0,0,['PYI26859'],0
PYI27674,53.7,CYP58M4,New_subf_147_CYP58,CYP58,0,0,0,0,0,0,0,0,['PYI27674'],['RAH87269']
PYI27887,41.2,CYP661B2,New_subf_148_CYP661,CYP661,0,0,0,0,0,0,0,0,['PYI27887'],0
PYI28700,61.7,CYP620H5,CYP620H,CYP620,0,0,0,0,0,0,0,0,['PYI28700'],['RAH81909']
PYI28844,59.4,CYP65AF1,CYP65AF,CYP65,0,0,0,0,0,0,0,0,['PYI28844'],['RAH80129']
PYI28889,70.9,CYP5042A4,CYP5042A,CYP5042,0,0,0,0,0,0,0,0,['PYI28889'],['RAH80115']
PYI28906,59.2,CYP5176A1,CYP5176A,CYP5176,0,0,0,0,0,0,0,0,['PYI28906'],['RAH85513']
PYI28952,42.9,CYP65Z5,New_subf_145_CYP65,CYP65,0,0,0,0,0,0,0,0,['PYI28952'],['RAH85555']
PYI28954,76.5,CYP672A3,CYP672A,CYP672,0,0,0,0,0,0,0,0,['PYI28954'],['RAH85557']
PYI29008,54.0,CYP505A2,New_subf_146_CYP505,CYP505,0,0,0,0,0,0,0,0,['PYI29008'],['RAH82429']
PYI29079,65.7,CYP586D1,CYP586D,CYP586,0,0,0,0,0,0,0,0,['PYI29079'],0
PYI29082,71.5,CYP5183A1,CYP5183A,CYP5183,0,0,0,0,0,0,0,0,['PYI29082'],0
PYI29866,44.1,CYP682B1,New_subf_144_CYP682,CYP682,0,0,0,0,0,0,0,0,['PYI29866'],0
PYI30059,65.8,CYP505C3,CYP505C,CYP505,0,0,0,0,0,0,0,0,['PYI30059'],0
PYI30108,81.9,CYP548D8,CYP548D,CYP548,0,0,0,0,0,0,0,0,['PYI30108'],['RAH76654']
PYI30301,55.9,CYP5113A1,CYP5113A,CYP5113,0,0,0,0,0,0,0,0,['PYI30301'],0
PYI30914,42.1,CYP5087B2,New_subf_143_CYP5087,CYP5087,0,0,0,0,0,0,0,0,['PYI30914'],['RAH85426']
PYI31038,69.2,CYP548T1,CYP548T,CYP548,0,0,0,0,0,0,0,0,['PYI31038'],['RAH82840']
PYI31056,70.9,CYP52H4,CYP52H,CYP52,0,0,0,0,0,0,0,0,['PYI31056'],['RAH82857']
PYI31075,73.1,CYP5105A3,CYP5105A,CYP5105,0,0,0,0,0,0,0,0,['PYI31075'],['RAH82875']
PYI31176,76.7,CYP573A10,CYP573A1,CYP573,0,0,0,0,0,0,['OAG18143'],['PSS24952'],['PYI31176'],['RAH80027']
PYI31354,55.3,CYP620H9,CYP620H,CYP620,0,0,0,0,0,0,0,0,['PYI31354'],['RAH79640']
PYI31587,42.5,CYP658A1,New_subf_142_CYP658,CYP658,0,0,0,0,0,0,0,0,['PYI31587'],['RAH78825']
PYI31609,55.5,CYP631B2,CYP631B,CYP631,0,0,0,0,0,0,0,0,['PYI31609'],['RAH78799']
PYI31643,50.9,CYP5171B1,New_subf_141_CYP5171,CYP5171,0,0,0,0,0,0,0,0,['PYI31643'],['RAH80476']
PYI31699,55.3,CYP684A6,CYP684A,CYP684,0,0,['PWN89726'],0,0,0,['OAG21505'],0,"['PYI31699', 'PYI26251']","['RAH80537', 'RAH81809', 'RAH80536']"
PYI31885,75.5,CYP5075A2,CYP5075A,CYP5075,0,0,0,0,0,0,0,0,['PYI31885'],['RAH86030']
PYI32072,81.8,CYP540B13,CYP540B1,CYP540,0,0,0,0,0,0,0,0,['PYI32072'],"['RAH86334', 'RAH78559']"
PYI32403,47.5,CYP5089A1,New_subf_140_CYP5089,CYP5089,0,0,0,0,0,0,0,0,['PYI32403'],['RAH80755']
PYI33000,82.0,CYP6001C15,CYP6001C1,CYP6001,0,0,0,0,0,0,0,0,['PYI33000'],['RAH85245']
PYI33103,44.1,CYP5114A1,New_subf_138_CYP5114,CYP5114,0,0,0,0,0,0,0,0,['PYI33103'],['RAH79300']
PYI33179,67.9,CYP5061B6,CYP5061B,CYP5061,0,0,0,0,0,0,0,0,['PYI33179'],['RAH84204']
PYI33243,70.0,CYP5080B4,CYP5080B,CYP5080,0,0,0,0,0,0,0,0,['PYI33243'],['RAH76606']
PYI33260,34.7,CYP5106A1,New_subf_139_New_family_22,New_family_22,0,0,0,0,0,0,0,0,['PYI33260'],['RAH76589']
PYI33372,53.0,CYP655A1,New_subf_136_CYP655,CYP655,0,0,0,0,0,0,0,0,['PYI33372'],['RAH76894']
PYI33373,38.9,CYP685A2,New_subf_137_New_family_21,New_family_21,0,0,0,0,0,0,0,0,['PYI33373'],['RAH76893']
PYI33404,63.4,CYP65AC2,CYP65AC,CYP65,0,0,0,0,0,0,0,0,['PYI33404'],['RAH78882']
PYI33457,66.3,CYP682-un1,CYP68,CYP6,0,0,0,0,0,0,0,0,['PYI33457'],0
PYI33865,77.8,CYP52G7,CYP52G,CYP52,0,0,0,0,0,0,0,0,['PYI33865'],['RAH86603']
PYI34497,72.0,CYP5095A2,CYP5095A,CYP5095,0,0,0,0,0,0,0,0,['PYI34497'],['RAH87352']
PYI34698,80.5,CYP6001A1,CYP6001A,CYP6001,0,0,0,0,0,0,0,0,['PYI34698'],['RAH85706']
PYI35073,42.2,CYP58J1,New_subf_135_CYP58,CYP58,0,0,0,0,0,0,0,0,['PYI35073'],['RAH77889']
PYI35150,62.5,CYP586C3,CYP586C,CYP586,0,0,0,0,0,0,0,0,['PYI35150'],['RAH81452']
PYI35222,36.5,CYP663A1,New_subf_134_New_family_20,New_family_20,0,0,0,0,0,0,0,0,['PYI35222'],['RAH81520']
PYI35223,49.3,CYP5294A1,New_subf_133_CYP5294,CYP5294,0,0,0,0,0,0,0,0,['PYI35223'],0
PYI35335,30.6,CYP5138A1,New_subf_131_New_family_19,New_family_19,0,0,0,0,0,0,0,0,['PYI35335'],['RAH84620']
PYI35353,69.5,CYP65AQ1,CYP65AQ,CYP65,0,0,0,0,0,0,0,0,['PYI35353'],['RAH84605']
PYI35377,52.7,CYP65AE1,New_subf_132_CYP65,CYP65,0,0,0,0,0,0,0,0,['PYI35377'],0
PYI35496,43.7,CYP5179A1,New_subf_130_CYP5179,CYP5179,0,0,0,0,0,0,0,0,['PYI35496'],0
PYI35795,48.9,CYP52G3,New_subf_129_CYP52,CYP52,0,0,0,0,0,0,0,0,['PYI35795'],['RAH80846']
PYI35924,80.5,CYP541B7,CYP541B,CYP541,0,0,0,0,0,0,0,0,['PYI35924'],['RAH78133']
PYI36185,74.9,CYP540A3,CYP540A,CYP540,0,0,0,0,0,0,['OAG18687'],['PSS14778'],['PYI36185'],['RAH81572']
PYI36536,94.5,CYP5087A1,CYP5087A,CYP5087,0,0,0,0,0,0,0,0,['PYI36536'],0
PYI36550,72.0,CYP539D9,CYP539D,CYP539,0,0,0,0,0,0,0,0,['PYI36550'],['RAH76866']
PYI36688,56.6,CYP552E1,CYP552E,CYP552,0,0,0,0,0,0,0,0,['PYI36688'],['RAH76615']
PYI36822,53.7,CYP620H9,New_subf_127_CYP620,CYP620,0,0,0,0,0,0,0,0,['PYI36822'],['RAH81201']
PYI36978,49.2,CYP620E3,New_subf_126_CYP620,CYP620,0,0,0,0,0,0,0,0,['PYI36978'],['RAH86541']
PYI36989,68.9,CYP671B3,CYP671B,CYP671,0,0,0,0,0,0,0,0,['PYI36989'],['RAH86551']
RAH75770,76.9,CYP619C2,CYP619C,CYP619,0,0,0,0,0,0,0,0,['PYI31853'],['RAH75770']
RAH75772,76.5,CYP619C3,CYP619C,CYP619,0,0,0,0,0,0,0,0,['PYI31851'],['RAH75772']
RAH76349,48.5,CYP572A1,New_subf_166_CYP572,CYP572,0,0,0,0,0,0,['OAG20979'],0,0,['RAH76349']
RAH76706,47.7,CYP567A1,New_subf_169_CYP567,CYP567,0,0,0,0,0,0,0,0,['PYI33307'],['RAH76706']
RAH76931,47.0,CYP5062A2,New_subf_168_CYP5062,CYP5062,0,0,0,0,0,0,0,0,['PYI27833'],['RAH76931']
RAH76950,74.4,CYP537B3,CYP537B,CYP537,0,0,0,0,0,0,0,0,['PYI27813'],['RAH76950']
RAH76966,52.8,CYP552E1,New_subf_167_CYP552,CYP552,0,0,0,0,0,0,0,0,['PYI27797'],['RAH76966']
RAH77176,72.4,CYP5066B1,CYP5066B,CYP5066,0,0,0,0,0,0,0,0,['PYI36905'],['RAH77176']
RAH77597,42.4,CYP5096A1,New_subf_163_CYP5096,CYP5096,0,0,0,0,0,0,0,0,0,['RAH77597']
RAH77722,53.9,CYP666B2,New_subf_164_CYP666,CYP666,0,0,0,0,0,0,0,0,['PYI27373'],['RAH77722']
RAH78449,68.2,CYP657B5,CYP657B,CYP657,0,0,0,0,0,0,0,0,['PYI30978'],['RAH78449']
RAH78566,70.5,CYP584E4,CYP584E,CYP584,0,0,0,0,0,0,0,0,['PYI32083'],['RAH78566']
RAH78614,54.4,CYP576A1,New_subf_162_CYP576,CYP576,0,0,0,0,0,0,0,0,['PYI34927'],['RAH78614']
RAH78790,50.0,CYP613F1,New_subf_161_CYP613,CYP613,0,0,0,0,0,0,0,0,['PYI31613'],['RAH78790']
RAH78814,41.9,CYP663A2,New_subf_165_CYP663,CYP663,0,0,0,0,0,0,0,0,0,['RAH78814']
RAH78823,60.4,CYP5125A1,CYP5125A,CYP5125,0,0,0,0,0,0,0,0,['PYI31588'],['RAH78823']
RAH79071,68.7,CYP58F1,CYP58F,CYP58,0,0,0,0,0,0,0,0,['PYI25145'],['RAH79071']
RAH79186,42.6,CYP551A2,New_subf_159_CYP551,CYP551,0,0,0,0,0,0,0,0,['PYI29873'],['RAH79186']
RAH79247,57.5,CYP627A3,CYP627A,CYP627,0,0,0,0,0,0,0,0,['PYI33516'],['RAH79247']
RAH79284,76.6,CYP51F2,CYP51F,CYP51,0,0,0,['KYG43671'],['KXL48780'],0,['OAG21175'],['PSS16977'],"['PYI28083', 'PYI33145']","['RAH79284', 'RAH86528']"
RAH79304,55.7,CYP628D1,CYP628D,CYP628,0,0,0,0,0,0,0,0,['PYI33100'],['RAH79304']
RAH79333,67.9,CYP617D6,CYP617D,CYP617,0,0,0,0,0,0,0,0,['PYI27176'],['RAH79333']
RAH79432,86.2,CYP630B15,CYP630B1,CYP630,0,0,0,"['KYG39833', 'KYG40856']","['KXL42452', 'KXL44863']",0,['OAG21054'],['PSS22213'],"['PYI28241', 'PYI25166']","['RAH79432', 'RAH85567']"
RAH79464,83.6,CYP548M2,CYP548M,CYP548,0,0,0,0,0,0,0,0,0,['RAH79464']
RAH79881,51.5,CYP5096B1,New_subf_158_CYP5096,CYP5096,0,0,0,0,0,0,0,0,['PYI26276'],['RAH79881']
RAH79941,51.6,CYP5275A1P,New_subf_160_CYP5275,CYP5275,0,0,0,0,0,0,0,0,['PYI27956'],['RAH79941']
RAH79945,78.2,CYP59D2,CYP59D,CYP59,0,0,0,0,0,0,0,0,['PYI27954'],['RAH79945']
RAH80155,89.8,CYP68W1,CYP68W,CYP68,0,0,0,0,0,0,0,0,['PYI28873'],['RAH80155']
RAH81023,68.9,CYP630A3,CYP630A,CYP630,0,0,0,0,0,0,0,0,0,['RAH81023']
RAH81740,55.9,CYP5282B1,CYP5282B,CYP5282,0,0,0,0,0,0,0,0,0,['RAH81740']
RAH81743,48.3,CYP65AL1,New_subf_156_CYP65,CYP65,0,0,0,0,0,0,0,0,['PYI31467'],['RAH81743']
RAH81749,54.0,CYP584B1,New_subf_155_CYP584,CYP584,0,0,0,0,0,0,0,0,['PYI31460'],['RAH81749']
RAH82005,65.4,CYP620E8,CYP620E,CYP620,0,0,0,0,0,0,0,0,['PYI27239'],['RAH82005']
RAH82426,36.1,CYP5061B2,New_subf_157_New_family_25,New_family_25,0,0,0,0,0,0,0,0,['PYI29011'],['RAH82426']
RAH83139,74.1,CYP676A2,CYP676A,CYP676,0,0,0,0,0,0,0,0,0,['RAH83139']
RAH83628,73.2,CYP578C5,CYP578C,CYP578,0,0,0,0,0,0,0,0,['PYI36510'],['RAH83628']
RAH83825,51.5,CYP675A3,New_subf_154_CYP675,CYP675,0,0,0,0,0,0,0,0,['PYI26304'],['RAH83825']
RAH84025,62.6,CYP58L1,CYP58L,CYP58,0,0,0,0,0,0,0,0,['PYI32828'],['RAH84025']
RAH84208,62.5,CYP5108A2,CYP5108A,CYP5108,0,0,0,0,0,0,0,0,0,['RAH84208']
RAH84419,68.0,CYP646A1,CYP646A,CYP646,0,0,0,0,0,0,0,0,['PYI29256'],['RAH84419']
RAH84595,69.4,CYP58D2,CYP58D,CYP58,0,0,0,0,0,0,0,0,['PYI35364'],['RAH84595']
RAH84603,76.7,CYP65AP1,CYP65AP,CYP65,0,0,0,0,0,0,0,0,['PYI35355'],['RAH84603']
RAH84982,66.4,CYP5075B1,CYP5075B,CYP5075,0,0,0,0,0,0,0,0,['PYI30552'],['RAH84982']
RAH84983,59.1,CYP5111A1,CYP5111A,CYP5111,0,0,0,0,0,0,0,0,['PYI30551'],['RAH84983']
RAH85190,38.3,CYP58C1,New_subf_153_New_family_24,New_family_24,0,0,0,0,0,0,0,0,0,['RAH85190']
RAH85441,88.4,CYP504A8,CYP504A,CYP504,0,0,0,['KYG49694'],['KXL44091'],0,['OAG22045'],['PSS15116'],['PYI30894'],['RAH85441']
RAH85450,80.3,CYP61A6,CYP61A,CYP61,0,0,0,0,0,0,0,0,['PYI30884'],['RAH85450']
RAH85987,62.8,CYP584E3,CYP584E,CYP584,0,0,0,0,0,0,0,0,"['PYI34998', 'PYI24994']","['RAH85987', 'RAH76006']"
RAH86335,59.7,CYP5068A1,CYP5068A,CYP5068,0,0,0,0,0,0,0,0,0,['RAH86335']
RAH87244,36.7,CYP584E7,New_subf_151_New_family_23,New_family_23,0,0,0,0,0,0,0,0,0,['RAH87244']
SAL94932,52.8,CYP5203A9,New_subf_2_CYP5203,CYP5203,"['SAL94932', 'SAL94934', 'SAM02113']",0,0,0,0,0,0,0,0,0
SAL97997,42.1,CYP5203A4,New_subf_4_CYP5203,CYP5203,['SAL97997'],0,0,0,0,0,0,0,0,0
SAL98222,60.0,CYP5205A1,CYP5205A,CYP5205,"['SAL98222', 'SAL95245']",['ORZ20503'],0,0,0,0,0,0,0,0
SAM02584,53.9,CYP5210A6,New_subf_1_CYP5210,CYP5210,['SAM02584'],['ORZ23290'],0,0,0,0,0,0,0,0
SAM02647,49.5,CYP5203A10,New_subf_5_CYP5203,CYP5203,['SAM02647'],['ORZ25556'],0,0,0,0,0,0,0,0
SAM06979,77.2,CYP51F1,CYP51F,CYP51,"['SAM06979', 'SAM06781']","['ORZ15804', 'ORZ25999']",0,0,0,0,0,0,0,0
SAM07733,47.9,CYP509B1,New_subf_6_CYP509,CYP509,"['SAM07733', 'SAM05473']","['ORZ15229', 'ORZ15313']",0,0,0,0,0,0,0,0
SAM07738,43.3,CYP5210A5,New_subf_3_CYP5210,CYP5210,['SAM07738'],['ORZ15247'],0,0,0,0,0,0,0,0
SAM08294,80.5,CYP61A1,CYP61A,CYP61,"['SAM08294', 'SAM02211']","['ORZ15653', 'ORZ11101']",0,0,0,0,0,0,0,0
SAM09004,65.5,CYP5203A1,CYP5203A,CYP5203,"['SAM09004', 'SAL98000', 'SAL99869', 'SAL97035']","['ORZ13523', 'ORZ18085', 'ORZ13484']",0,0,0,0,0,0,0,0
