Source,Target,Weight
CYP102,CYP105,0.005
CYP102,CYP108,0.005
CYP102,CYP123,0.005
CYP102,CYP124,0.005
CYP102,CYP125,0.005
CYP102,CYP126,0.005
CYP102,CYP130,0.005
CYP102,CYP135,0.005
CYP102,CYP136,0.005
CYP102,CYP138,0.005
CYP102,CYP140,0.005
CYP102,CYP142,0.005
CYP102,CYP144,0.005
CYP102,CYP150,0.005
CYP102,CYP151,0.005
CYP102,CYP185,0.005
CYP102,CYP187,0.005
CYP102,CYP188,0.005
CYP102,CYP189,0.005
CYP102,CYP190,0.005
CYP102,CYP191,0.005
CYP102,CYP268,0.005
CYP102,CYP279,0.005
CYP102,CYP282,0.005
CYP102,CYP51,0.005
CYP102,New_family_1,0.005
CYP1027,CYP105,0.015
CYP1027,CYP108,0.015
CYP1027,CYP123,0.015
CYP1027,CYP124,0.015
CYP1027,CYP125,0.015
CYP1027,CYP126,0.015
CYP1027,CYP130,0.015
CYP1027,CYP135,0.005
CYP1027,CYP136,0.015
CYP1027,CYP138,0.015
CYP1027,CYP140,0.015
CYP1027,CYP142,0.015
CYP1027,CYP143,0.01
CYP1027,CYP144,0.015
CYP1027,CYP150,0.015
CYP1027,CYP153,0.005
CYP1027,CYP164,0.015
CYP1027,CYP185,0.015
CYP1027,CYP187,0.015
CYP1027,CYP188,0.015
CYP1027,CYP189,0.015
CYP1027,CYP190,0.015
CYP1027,CYP191,0.015
CYP1027,CYP243,0.01
CYP1027,CYP268,0.01
CYP1027,CYP279,0.015
CYP1027,CYP282,0.005
CYP1027,CYP291,0.01
CYP1027,CYP51,0.015
CYP1027,New_family_1,0.015
CYP1027,New_family_2,0.015
CYP1027,New_family_4,0.005
CYP1034,CYP105,0.02
CYP1034,CYP108,0.02
CYP1034,CYP123,0.02
CYP1034,CYP124,0.02
CYP1034,CYP125,0.02
CYP1034,CYP126,0.02
CYP1034,CYP130,0.02
CYP1034,CYP136,0.02
CYP1034,CYP138,0.02
CYP1034,CYP139,0.02
CYP1034,CYP140,0.02
CYP1034,CYP142,0.02
CYP1034,CYP143,0.015
CYP1034,CYP144,0.02
CYP1034,CYP150,0.02
CYP1034,CYP164,0.02
CYP1034,CYP185,0.02
CYP1034,CYP187,0.02
CYP1034,CYP188,0.02
CYP1034,CYP189,0.02
CYP1034,CYP190,0.02
CYP1034,CYP191,0.02
CYP1034,CYP243,0.02
CYP1034,CYP268,0.02
CYP1034,CYP272,0.02
CYP1034,CYP279,0.02
CYP1034,CYP291,0.02
CYP1034,CYP51,0.02
CYP1034,New_family_1,0.02
CYP1034,New_family_2,0.02
CYP105,CYP102,0.005
CYP105,CYP1027,0.015
CYP105,CYP1034,0.02
CYP105,CYP107,0.015
CYP105,CYP108,0.06
CYP105,CYP123,0.06
CYP105,CYP124,0.06
CYP105,CYP125,0.06
CYP105,CYP126,0.06
CYP105,CYP130,0.06
CYP105,CYP135,0.025
CYP105,CYP136,0.06
CYP105,CYP138,0.06
CYP105,CYP139,0.025
CYP105,CYP140,0.06
CYP105,CYP142,0.06
CYP105,CYP143,0.03
CYP105,CYP144,0.06
CYP105,CYP150,0.06
CYP105,CYP151,0.02
CYP105,CYP153,0.005
CYP105,CYP164,0.055
CYP105,CYP185,0.055
CYP105,CYP186,0.015
CYP105,CYP187,0.06
CYP105,CYP188,0.06
CYP105,CYP189,0.06
CYP105,CYP190,0.06
CYP105,CYP191,0.06
CYP105,CYP243,0.035
CYP105,CYP268,0.055
CYP105,CYP272,0.025
CYP105,CYP279,0.055
CYP105,CYP282,0.01
CYP105,CYP291,0.035
CYP105,CYP51,0.06
CYP105,New_family_1,0.06
CYP105,New_family_2,0.04
CYP105,New_family_3,0.01
CYP105,New_family_4,0.005
CYP105,New_family_5,0.01
CYP107,CYP105,0.015
CYP107,CYP108,0.015
CYP107,CYP123,0.015
CYP107,CYP124,0.015
CYP107,CYP125,0.015
CYP107,CYP126,0.015
CYP107,CYP130,0.015
CYP107,CYP135,0.015
CYP107,CYP136,0.015
CYP107,CYP138,0.015
CYP107,CYP140,0.015
CYP107,CYP142,0.015
CYP107,CYP144,0.015
CYP107,CYP150,0.015
CYP107,CYP151,0.015
CYP107,CYP164,0.015
CYP107,CYP185,0.015
CYP107,CYP186,0.015
CYP107,CYP187,0.015
CYP107,CYP188,0.015
CYP107,CYP189,0.015
CYP107,CYP190,0.015
CYP107,CYP191,0.015
CYP107,CYP268,0.015
CYP107,CYP279,0.01
CYP107,CYP51,0.015
CYP107,New_family_1,0.015
CYP107,New_family_3,0.01
CYP107,New_family_5,0.01
CYP108,CYP102,0.005
CYP108,CYP1027,0.015
CYP108,CYP1034,0.02
CYP108,CYP105,0.06
CYP108,CYP107,0.015
CYP108,CYP123,0.06
CYP108,CYP124,0.06
CYP108,CYP125,0.06
CYP108,CYP126,0.06
CYP108,CYP130,0.06
CYP108,CYP135,0.025
CYP108,CYP136,0.06
CYP108,CYP138,0.06
CYP108,CYP139,0.025
CYP108,CYP140,0.06
CYP108,CYP142,0.06
CYP108,CYP143,0.03
CYP108,CYP144,0.06
CYP108,CYP150,0.06
CYP108,CYP151,0.02
CYP108,CYP153,0.005
CYP108,CYP164,0.055
CYP108,CYP185,0.055
CYP108,CYP186,0.015
CYP108,CYP187,0.06
CYP108,CYP188,0.06
CYP108,CYP189,0.06
CYP108,CYP190,0.06
CYP108,CYP191,0.06
CYP108,CYP243,0.035
CYP108,CYP268,0.055
CYP108,CYP272,0.025
CYP108,CYP279,0.055
CYP108,CYP282,0.01
CYP108,CYP291,0.035
CYP108,CYP51,0.06
CYP108,New_family_1,0.06
CYP108,New_family_2,0.04
CYP108,New_family_3,0.01
CYP108,New_family_4,0.005
CYP108,New_family_5,0.01
CYP121,CYP123,0.18
CYP121,CYP124,0.19
CYP121,CYP125,0.025
CYP121,CYP126,0.02
CYP121,CYP128,0.185
CYP121,CYP130,0.165
CYP121,CYP135,0.19
CYP121,CYP136,0.19
CYP121,CYP137,0.19
CYP121,CYP138,0.19
CYP121,CYP139,0.19
CYP121,CYP140,0.19
CYP121,CYP141,0.16
CYP121,CYP142,0.18
CYP121,CYP143,0.19
CYP121,CYP144,0.19
CYP121,CYP51,0.185
CYP121,New_family_1,0.185
CYP123,CYP102,0.005
CYP123,CYP1027,0.015
CYP123,CYP1034,0.02
CYP123,CYP105,0.06
CYP123,CYP107,0.015
CYP123,CYP108,0.06
CYP123,CYP121,0.18
CYP123,CYP124,0.24
CYP123,CYP125,0.075
CYP123,CYP126,0.08
CYP123,CYP128,0.175
CYP123,CYP130,0.215
CYP123,CYP135,0.205
CYP123,CYP136,0.24
CYP123,CYP137,0.18
CYP123,CYP138,0.24
CYP123,CYP139,0.205
CYP123,CYP140,0.24
CYP123,CYP141,0.15
CYP123,CYP142,0.24
CYP123,CYP143,0.21
CYP123,CYP144,0.24
CYP123,CYP150,0.06
CYP123,CYP151,0.02
CYP123,CYP153,0.005
CYP123,CYP164,0.055
CYP123,CYP185,0.055
CYP123,CYP186,0.015
CYP123,CYP187,0.06
CYP123,CYP188,0.06
CYP123,CYP189,0.06
CYP123,CYP190,0.06
CYP123,CYP191,0.06
CYP123,CYP243,0.035
CYP123,CYP268,0.055
CYP123,CYP272,0.025
CYP123,CYP279,0.055
CYP123,CYP282,0.01
CYP123,CYP291,0.035
CYP123,CYP51,0.235
CYP123,New_family_1,0.235
CYP123,New_family_2,0.04
CYP123,New_family_3,0.01
CYP123,New_family_4,0.005
CYP123,New_family_5,0.01
CYP124,CYP102,0.005
CYP124,CYP1027,0.015
CYP124,CYP1034,0.02
CYP124,CYP105,0.06
CYP124,CYP107,0.015
CYP124,CYP108,0.06
CYP124,CYP121,0.19
CYP124,CYP123,0.24
CYP124,CYP125,0.085
CYP124,CYP126,0.08
CYP124,CYP128,0.185
CYP124,CYP130,0.225
CYP124,CYP135,0.215
CYP124,CYP136,0.25
CYP124,CYP137,0.19
CYP124,CYP138,0.25
CYP124,CYP139,0.215
CYP124,CYP140,0.25
CYP124,CYP141,0.16
CYP124,CYP142,0.24
CYP124,CYP143,0.22
CYP124,CYP144,0.25
CYP124,CYP150,0.06
CYP124,CYP151,0.02
CYP124,CYP153,0.005
CYP124,CYP164,0.055
CYP124,CYP185,0.055
CYP124,CYP186,0.015
CYP124,CYP187,0.06
CYP124,CYP188,0.06
CYP124,CYP189,0.06
CYP124,CYP190,0.06
CYP124,CYP191,0.06
CYP124,CYP243,0.035
CYP124,CYP268,0.055
CYP124,CYP272,0.025
CYP124,CYP279,0.055
CYP124,CYP282,0.01
CYP124,CYP291,0.035
CYP124,CYP51,0.245
CYP124,New_family_1,0.245
CYP124,New_family_2,0.04
CYP124,New_family_3,0.01
CYP124,New_family_4,0.005
CYP124,New_family_5,0.01
CYP125,CYP102,0.005
CYP125,CYP1027,0.015
CYP125,CYP1034,0.02
CYP125,CYP105,0.06
CYP125,CYP107,0.015
CYP125,CYP108,0.06
CYP125,CYP121,0.025
CYP125,CYP123,0.075
CYP125,CYP124,0.085
CYP125,CYP126,0.07
CYP125,CYP128,0.02
CYP125,CYP130,0.085
CYP125,CYP135,0.05
CYP125,CYP136,0.085
CYP125,CYP137,0.025
CYP125,CYP138,0.085
CYP125,CYP139,0.05
CYP125,CYP140,0.085
CYP125,CYP141,0.02
CYP125,CYP142,0.075
CYP125,CYP143,0.055
CYP125,CYP144,0.085
CYP125,CYP150,0.06
CYP125,CYP151,0.02
CYP125,CYP153,0.005
CYP125,CYP164,0.055
CYP125,CYP185,0.055
CYP125,CYP186,0.015
CYP125,CYP187,0.06
CYP125,CYP188,0.06
CYP125,CYP189,0.06
CYP125,CYP190,0.06
CYP125,CYP191,0.06
CYP125,CYP243,0.035
CYP125,CYP268,0.055
CYP125,CYP272,0.025
CYP125,CYP279,0.055
CYP125,CYP282,0.01
CYP125,CYP291,0.035
CYP125,CYP51,0.08
CYP125,New_family_1,0.085
CYP125,New_family_2,0.04
CYP125,New_family_3,0.01
CYP125,New_family_4,0.005
CYP125,New_family_5,0.01
CYP126,CYP102,0.005
CYP126,CYP1027,0.015
CYP126,CYP1034,0.02
CYP126,CYP105,0.06
CYP126,CYP107,0.015
CYP126,CYP108,0.06
CYP126,CYP121,0.02
CYP126,CYP123,0.08
CYP126,CYP124,0.08
CYP126,CYP125,0.07
CYP126,CYP128,0.015
CYP126,CYP130,0.08
CYP126,CYP135,0.045
CYP126,CYP136,0.08
CYP126,CYP137,0.02
CYP126,CYP138,0.08
CYP126,CYP139,0.045
CYP126,CYP140,0.08
CYP126,CYP141,0.015
CYP126,CYP142,0.08
CYP126,CYP143,0.05
CYP126,CYP144,0.08
CYP126,CYP150,0.06
CYP126,CYP151,0.02
CYP126,CYP153,0.005
CYP126,CYP164,0.055
CYP126,CYP185,0.055
CYP126,CYP186,0.015
CYP126,CYP187,0.06
CYP126,CYP188,0.06
CYP126,CYP189,0.06
CYP126,CYP190,0.06
CYP126,CYP191,0.06
CYP126,CYP243,0.035
CYP126,CYP268,0.055
CYP126,CYP272,0.025
CYP126,CYP279,0.055
CYP126,CYP282,0.01
CYP126,CYP291,0.035
CYP126,CYP51,0.075
CYP126,New_family_1,0.08
CYP126,New_family_2,0.04
CYP126,New_family_3,0.01
CYP126,New_family_4,0.005
CYP126,New_family_5,0.01
CYP128,CYP121,0.185
CYP128,CYP123,0.175
CYP128,CYP124,0.185
CYP128,CYP125,0.02
CYP128,CYP126,0.015
CYP128,CYP130,0.16
CYP128,CYP135,0.185
CYP128,CYP136,0.185
CYP128,CYP137,0.185
CYP128,CYP138,0.185
CYP128,CYP139,0.185
CYP128,CYP140,0.185
CYP128,CYP141,0.16
CYP128,CYP142,0.175
CYP128,CYP143,0.185
CYP128,CYP144,0.185
CYP128,CYP51,0.185
CYP128,New_family_1,0.18
CYP130,CYP102,0.005
CYP130,CYP1027,0.015
CYP130,CYP1034,0.02
CYP130,CYP105,0.06
CYP130,CYP107,0.015
CYP130,CYP108,0.06
CYP130,CYP121,0.165
CYP130,CYP123,0.215
CYP130,CYP124,0.225
CYP130,CYP125,0.085
CYP130,CYP126,0.08
CYP130,CYP128,0.16
CYP130,CYP135,0.19
CYP130,CYP136,0.225
CYP130,CYP137,0.165
CYP130,CYP138,0.225
CYP130,CYP139,0.19
CYP130,CYP140,0.225
CYP130,CYP141,0.16
CYP130,CYP142,0.215
CYP130,CYP143,0.195
CYP130,CYP144,0.225
CYP130,CYP150,0.06
CYP130,CYP151,0.02
CYP130,CYP153,0.005
CYP130,CYP164,0.055
CYP130,CYP185,0.055
CYP130,CYP186,0.015
CYP130,CYP187,0.06
CYP130,CYP188,0.06
CYP130,CYP189,0.06
CYP130,CYP190,0.06
CYP130,CYP191,0.06
CYP130,CYP243,0.035
CYP130,CYP268,0.055
CYP130,CYP272,0.025
CYP130,CYP279,0.055
CYP130,CYP282,0.01
CYP130,CYP291,0.035
CYP130,CYP51,0.22
CYP130,New_family_1,0.22
CYP130,New_family_2,0.04
CYP130,New_family_3,0.01
CYP130,New_family_4,0.005
CYP130,New_family_5,0.01
CYP135,CYP102,0.005
CYP135,CYP1027,0.005
CYP135,CYP105,0.025
CYP135,CYP107,0.015
CYP135,CYP108,0.025
CYP135,CYP121,0.19
CYP135,CYP123,0.205
CYP135,CYP124,0.215
CYP135,CYP125,0.05
CYP135,CYP126,0.045
CYP135,CYP128,0.185
CYP135,CYP130,0.19
CYP135,CYP136,0.215
CYP135,CYP137,0.19
CYP135,CYP138,0.215
CYP135,CYP139,0.19
CYP135,CYP140,0.215
CYP135,CYP141,0.16
CYP135,CYP142,0.205
CYP135,CYP143,0.19
CYP135,CYP144,0.215
CYP135,CYP150,0.025
CYP135,CYP151,0.02
CYP135,CYP164,0.02
CYP135,CYP185,0.025
CYP135,CYP186,0.015
CYP135,CYP187,0.025
CYP135,CYP188,0.025
CYP135,CYP189,0.025
CYP135,CYP190,0.025
CYP135,CYP191,0.025
CYP135,CYP268,0.02
CYP135,CYP279,0.02
CYP135,CYP282,0.01
CYP135,CYP51,0.21
CYP135,New_family_1,0.21
CYP135,New_family_2,0.005
CYP135,New_family_3,0.01
CYP135,New_family_4,0.005
CYP135,New_family_5,0.01
CYP136,CYP102,0.005
CYP136,CYP1027,0.015
CYP136,CYP1034,0.02
CYP136,CYP105,0.06
CYP136,CYP107,0.015
CYP136,CYP108,0.06
CYP136,CYP121,0.19
CYP136,CYP123,0.24
CYP136,CYP124,0.25
CYP136,CYP125,0.085
CYP136,CYP126,0.08
CYP136,CYP128,0.185
CYP136,CYP130,0.225
CYP136,CYP135,0.215
CYP136,CYP137,0.19
CYP136,CYP138,0.25
CYP136,CYP139,0.215
CYP136,CYP140,0.25
CYP136,CYP141,0.16
CYP136,CYP142,0.24
CYP136,CYP143,0.22
CYP136,CYP144,0.25
CYP136,CYP150,0.06
CYP136,CYP151,0.02
CYP136,CYP153,0.005
CYP136,CYP164,0.055
CYP136,CYP185,0.055
CYP136,CYP186,0.015
CYP136,CYP187,0.06
CYP136,CYP188,0.06
CYP136,CYP189,0.06
CYP136,CYP190,0.06
CYP136,CYP191,0.06
CYP136,CYP243,0.035
CYP136,CYP268,0.055
CYP136,CYP272,0.025
CYP136,CYP279,0.055
CYP136,CYP282,0.01
CYP136,CYP291,0.035
CYP136,CYP51,0.245
CYP136,New_family_1,0.245
CYP136,New_family_2,0.04
CYP136,New_family_3,0.01
CYP136,New_family_4,0.005
CYP136,New_family_5,0.01
CYP137,CYP121,0.19
CYP137,CYP123,0.18
CYP137,CYP124,0.19
CYP137,CYP125,0.025
CYP137,CYP126,0.02
CYP137,CYP128,0.185
CYP137,CYP130,0.165
CYP137,CYP135,0.19
CYP137,CYP136,0.19
CYP137,CYP138,0.19
CYP137,CYP139,0.19
CYP137,CYP140,0.19
CYP137,CYP141,0.16
CYP137,CYP142,0.18
CYP137,CYP143,0.19
CYP137,CYP144,0.19
CYP137,CYP51,0.185
CYP137,New_family_1,0.185
CYP138,CYP102,0.005
CYP138,CYP1027,0.015
CYP138,CYP1034,0.02
CYP138,CYP105,0.06
CYP138,CYP107,0.015
CYP138,CYP108,0.06
CYP138,CYP121,0.19
CYP138,CYP123,0.24
CYP138,CYP124,0.25
CYP138,CYP125,0.085
CYP138,CYP126,0.08
CYP138,CYP128,0.185
CYP138,CYP130,0.225
CYP138,CYP135,0.215
CYP138,CYP136,0.25
CYP138,CYP137,0.19
CYP138,CYP139,0.215
CYP138,CYP140,0.25
CYP138,CYP141,0.16
CYP138,CYP142,0.24
CYP138,CYP143,0.22
CYP138,CYP144,0.25
CYP138,CYP150,0.06
CYP138,CYP151,0.02
CYP138,CYP153,0.005
CYP138,CYP164,0.055
CYP138,CYP185,0.055
CYP138,CYP186,0.015
CYP138,CYP187,0.06
CYP138,CYP188,0.06
CYP138,CYP189,0.06
CYP138,CYP190,0.06
CYP138,CYP191,0.06
CYP138,CYP243,0.035
CYP138,CYP268,0.055
CYP138,CYP272,0.025
CYP138,CYP279,0.055
CYP138,CYP282,0.01
CYP138,CYP291,0.035
CYP138,CYP51,0.245
CYP138,New_family_1,0.245
CYP138,New_family_2,0.04
CYP138,New_family_3,0.01
CYP138,New_family_4,0.005
CYP138,New_family_5,0.01
CYP139,CYP1034,0.02
CYP139,CYP105,0.025
CYP139,CYP108,0.025
CYP139,CYP121,0.19
CYP139,CYP123,0.205
CYP139,CYP124,0.215
CYP139,CYP125,0.05
CYP139,CYP126,0.045
CYP139,CYP128,0.185
CYP139,CYP130,0.19
CYP139,CYP135,0.19
CYP139,CYP136,0.215
CYP139,CYP137,0.19
CYP139,CYP138,0.215
CYP139,CYP140,0.215
CYP139,CYP141,0.16
CYP139,CYP142,0.205
CYP139,CYP143,0.21
CYP139,CYP144,0.215
CYP139,CYP150,0.025
CYP139,CYP164,0.025
CYP139,CYP185,0.02
CYP139,CYP187,0.025
CYP139,CYP188,0.025
CYP139,CYP189,0.025
CYP139,CYP190,0.025
CYP139,CYP191,0.025
CYP139,CYP243,0.025
CYP139,CYP268,0.025
CYP139,CYP272,0.025
CYP139,CYP279,0.025
CYP139,CYP291,0.025
CYP139,CYP51,0.21
CYP139,New_family_1,0.21
CYP139,New_family_2,0.025
CYP140,CYP102,0.005
CYP140,CYP1027,0.015
CYP140,CYP1034,0.02
CYP140,CYP105,0.06
CYP140,CYP107,0.015
CYP140,CYP108,0.06
CYP140,CYP121,0.19
CYP140,CYP123,0.24
CYP140,CYP124,0.25
CYP140,CYP125,0.085
CYP140,CYP126,0.08
CYP140,CYP128,0.185
CYP140,CYP130,0.225
CYP140,CYP135,0.215
CYP140,CYP136,0.25
CYP140,CYP137,0.19
CYP140,CYP138,0.25
CYP140,CYP139,0.215
CYP140,CYP141,0.16
CYP140,CYP142,0.24
CYP140,CYP143,0.22
CYP140,CYP144,0.25
CYP140,CYP150,0.06
CYP140,CYP151,0.02
CYP140,CYP153,0.005
CYP140,CYP164,0.055
CYP140,CYP185,0.055
CYP140,CYP186,0.015
CYP140,CYP187,0.06
CYP140,CYP188,0.06
CYP140,CYP189,0.06
CYP140,CYP190,0.06
CYP140,CYP191,0.06
CYP140,CYP243,0.035
CYP140,CYP268,0.055
CYP140,CYP272,0.025
CYP140,CYP279,0.055
CYP140,CYP282,0.01
CYP140,CYP291,0.035
CYP140,CYP51,0.245
CYP140,New_family_1,0.245
CYP140,New_family_2,0.04
CYP140,New_family_3,0.01
CYP140,New_family_4,0.005
CYP140,New_family_5,0.01
CYP141,CYP121,0.16
CYP141,CYP123,0.15
CYP141,CYP124,0.16
CYP141,CYP125,0.02
CYP141,CYP126,0.015
CYP141,CYP128,0.16
CYP141,CYP130,0.16
CYP141,CYP135,0.16
CYP141,CYP136,0.16
CYP141,CYP137,0.16
CYP141,CYP138,0.16
CYP141,CYP139,0.16
CYP141,CYP140,0.16
CYP141,CYP142,0.15
CYP141,CYP143,0.16
CYP141,CYP144,0.16
CYP141,CYP51,0.16
CYP141,New_family_1,0.155
CYP142,CYP102,0.005
CYP142,CYP1027,0.015
CYP142,CYP1034,0.02
CYP142,CYP105,0.06
CYP142,CYP107,0.015
CYP142,CYP108,0.06
CYP142,CYP121,0.18
CYP142,CYP123,0.24
CYP142,CYP124,0.24
CYP142,CYP125,0.075
CYP142,CYP126,0.08
CYP142,CYP128,0.175
CYP142,CYP130,0.215
CYP142,CYP135,0.205
CYP142,CYP136,0.24
CYP142,CYP137,0.18
CYP142,CYP138,0.24
CYP142,CYP139,0.205
CYP142,CYP140,0.24
CYP142,CYP141,0.15
CYP142,CYP143,0.21
CYP142,CYP144,0.24
CYP142,CYP150,0.06
CYP142,CYP151,0.02
CYP142,CYP153,0.005
CYP142,CYP164,0.055
CYP142,CYP185,0.055
CYP142,CYP186,0.015
CYP142,CYP187,0.06
CYP142,CYP188,0.06
CYP142,CYP189,0.06
CYP142,CYP190,0.06
CYP142,CYP191,0.06
CYP142,CYP243,0.035
CYP142,CYP268,0.055
CYP142,CYP272,0.025
CYP142,CYP279,0.055
CYP142,CYP282,0.01
CYP142,CYP291,0.035
CYP142,CYP51,0.235
CYP142,New_family_1,0.235
CYP142,New_family_2,0.04
CYP142,New_family_3,0.01
CYP142,New_family_4,0.005
CYP142,New_family_5,0.01
CYP143,CYP1027,0.01
CYP143,CYP1034,0.015
CYP143,CYP105,0.03
CYP143,CYP108,0.03
CYP143,CYP121,0.19
CYP143,CYP123,0.21
CYP143,CYP124,0.22
CYP143,CYP125,0.055
CYP143,CYP126,0.05
CYP143,CYP128,0.185
CYP143,CYP130,0.195
CYP143,CYP135,0.19
CYP143,CYP136,0.22
CYP143,CYP137,0.19
CYP143,CYP138,0.22
CYP143,CYP139,0.21
CYP143,CYP140,0.22
CYP143,CYP141,0.16
CYP143,CYP142,0.21
CYP143,CYP144,0.22
CYP143,CYP150,0.03
CYP143,CYP153,0.005
CYP143,CYP164,0.03
CYP143,CYP185,0.025
CYP143,CYP187,0.03
CYP143,CYP188,0.03
CYP143,CYP189,0.03
CYP143,CYP190,0.03
CYP143,CYP191,0.03
CYP143,CYP243,0.03
CYP143,CYP268,0.03
CYP143,CYP272,0.02
CYP143,CYP279,0.03
CYP143,CYP291,0.03
CYP143,CYP51,0.215
CYP143,New_family_1,0.215
CYP143,New_family_2,0.03
CYP144,CYP102,0.005
CYP144,CYP1027,0.015
CYP144,CYP1034,0.02
CYP144,CYP105,0.06
CYP144,CYP107,0.015
CYP144,CYP108,0.06
CYP144,CYP121,0.19
CYP144,CYP123,0.24
CYP144,CYP124,0.25
CYP144,CYP125,0.085
CYP144,CYP126,0.08
CYP144,CYP128,0.185
CYP144,CYP130,0.225
CYP144,CYP135,0.215
CYP144,CYP136,0.25
CYP144,CYP137,0.19
CYP144,CYP138,0.25
CYP144,CYP139,0.215
CYP144,CYP140,0.25
CYP144,CYP141,0.16
CYP144,CYP142,0.24
CYP144,CYP143,0.22
CYP144,CYP150,0.06
CYP144,CYP151,0.02
CYP144,CYP153,0.005
CYP144,CYP164,0.055
CYP144,CYP185,0.055
CYP144,CYP186,0.015
CYP144,CYP187,0.06
CYP144,CYP188,0.06
CYP144,CYP189,0.06
CYP144,CYP190,0.06
CYP144,CYP191,0.06
CYP144,CYP243,0.035
CYP144,CYP268,0.055
CYP144,CYP272,0.025
CYP144,CYP279,0.055
CYP144,CYP282,0.01
CYP144,CYP291,0.035
CYP144,CYP51,0.245
CYP144,New_family_1,0.245
CYP144,New_family_2,0.04
CYP144,New_family_3,0.01
CYP144,New_family_4,0.005
CYP144,New_family_5,0.01
CYP150,CYP102,0.005
CYP150,CYP1027,0.015
CYP150,CYP1034,0.02
CYP150,CYP105,0.06
CYP150,CYP107,0.015
CYP150,CYP108,0.06
CYP150,CYP123,0.06
CYP150,CYP124,0.06
CYP150,CYP125,0.06
CYP150,CYP126,0.06
CYP150,CYP130,0.06
CYP150,CYP135,0.025
CYP150,CYP136,0.06
CYP150,CYP138,0.06
CYP150,CYP139,0.025
CYP150,CYP140,0.06
CYP150,CYP142,0.06
CYP150,CYP143,0.03
CYP150,CYP144,0.06
CYP150,CYP151,0.02
CYP150,CYP153,0.005
CYP150,CYP164,0.055
CYP150,CYP185,0.055
CYP150,CYP186,0.015
CYP150,CYP187,0.06
CYP150,CYP188,0.06
CYP150,CYP189,0.06
CYP150,CYP190,0.06
CYP150,CYP191,0.06
CYP150,CYP243,0.035
CYP150,CYP268,0.055
CYP150,CYP272,0.025
CYP150,CYP279,0.055
CYP150,CYP282,0.01
CYP150,CYP291,0.035
CYP150,CYP51,0.06
CYP150,New_family_1,0.06
CYP150,New_family_2,0.04
CYP150,New_family_3,0.01
CYP150,New_family_4,0.005
CYP150,New_family_5,0.01
CYP151,CYP102,0.005
CYP151,CYP105,0.02
CYP151,CYP107,0.015
CYP151,CYP108,0.02
CYP151,CYP123,0.02
CYP151,CYP124,0.02
CYP151,CYP125,0.02
CYP151,CYP126,0.02
CYP151,CYP130,0.02
CYP151,CYP135,0.02
CYP151,CYP136,0.02
CYP151,CYP138,0.02
CYP151,CYP140,0.02
CYP151,CYP142,0.02
CYP151,CYP144,0.02
CYP151,CYP150,0.02
CYP151,CYP164,0.015
CYP151,CYP185,0.02
CYP151,CYP186,0.015
CYP151,CYP187,0.02
CYP151,CYP188,0.02
CYP151,CYP189,0.02
CYP151,CYP190,0.02
CYP151,CYP191,0.02
CYP151,CYP268,0.02
CYP151,CYP279,0.015
CYP151,CYP282,0.005
CYP151,CYP51,0.02
CYP151,New_family_1,0.02
CYP151,New_family_3,0.01
CYP151,New_family_5,0.01
CYP153,CYP1027,0.005
CYP153,CYP105,0.005
CYP153,CYP108,0.005
CYP153,CYP123,0.005
CYP153,CYP124,0.005
CYP153,CYP125,0.005
CYP153,CYP126,0.005
CYP153,CYP130,0.005
CYP153,CYP136,0.005
CYP153,CYP138,0.005
CYP153,CYP140,0.005
CYP153,CYP142,0.005
CYP153,CYP143,0.005
CYP153,CYP144,0.005
CYP153,CYP150,0.005
CYP153,CYP164,0.005
CYP153,CYP185,0.005
CYP153,CYP187,0.005
CYP153,CYP188,0.005
CYP153,CYP189,0.005
CYP153,CYP190,0.005
CYP153,CYP191,0.005
CYP153,CYP243,0.005
CYP153,CYP268,0.005
CYP153,CYP279,0.005
CYP153,CYP291,0.005
CYP153,CYP51,0.005
CYP153,New_family_1,0.005
CYP153,New_family_2,0.005
CYP164,CYP1027,0.015
CYP164,CYP1034,0.02
CYP164,CYP105,0.055
CYP164,CYP107,0.015
CYP164,CYP108,0.055
CYP164,CYP123,0.055
CYP164,CYP124,0.055
CYP164,CYP125,0.055
CYP164,CYP126,0.055
CYP164,CYP130,0.055
CYP164,CYP135,0.02
CYP164,CYP136,0.055
CYP164,CYP138,0.055
CYP164,CYP139,0.025
CYP164,CYP140,0.055
CYP164,CYP142,0.055
CYP164,CYP143,0.03
CYP164,CYP144,0.055
CYP164,CYP150,0.055
CYP164,CYP151,0.015
CYP164,CYP153,0.005
CYP164,CYP185,0.05
CYP164,CYP186,0.015
CYP164,CYP187,0.055
CYP164,CYP188,0.055
CYP164,CYP189,0.055
CYP164,CYP190,0.055
CYP164,CYP191,0.055
CYP164,CYP243,0.035
CYP164,CYP268,0.05
CYP164,CYP272,0.025
CYP164,CYP279,0.05
CYP164,CYP282,0.005
CYP164,CYP291,0.035
CYP164,CYP51,0.055
CYP164,New_family_1,0.055
CYP164,New_family_2,0.04
CYP164,New_family_3,0.01
CYP164,New_family_4,0.005
CYP164,New_family_5,0.01
CYP185,CYP102,0.005
CYP185,CYP1027,0.015
CYP185,CYP1034,0.02
CYP185,CYP105,0.055
CYP185,CYP107,0.015
CYP185,CYP108,0.055
CYP185,CYP123,0.055
CYP185,CYP124,0.055
CYP185,CYP125,0.055
CYP185,CYP126,0.055
CYP185,CYP130,0.055
CYP185,CYP135,0.025
CYP185,CYP136,0.055
CYP185,CYP138,0.055
CYP185,CYP139,0.02
CYP185,CYP140,0.055
CYP185,CYP142,0.055
CYP185,CYP143,0.025
CYP185,CYP144,0.055
CYP185,CYP150,0.055
CYP185,CYP151,0.02
CYP185,CYP153,0.005
CYP185,CYP164,0.05
CYP185,CYP186,0.015
CYP185,CYP187,0.055
CYP185,CYP188,0.055
CYP185,CYP189,0.055
CYP185,CYP190,0.055
CYP185,CYP191,0.055
CYP185,CYP243,0.03
CYP185,CYP268,0.05
CYP185,CYP272,0.02
CYP185,CYP279,0.05
CYP185,CYP282,0.01
CYP185,CYP291,0.03
CYP185,CYP51,0.055
CYP185,New_family_1,0.055
CYP185,New_family_2,0.035
CYP185,New_family_3,0.01
CYP185,New_family_4,0.005
CYP185,New_family_5,0.01
CYP186,CYP105,0.015
CYP186,CYP107,0.015
CYP186,CYP108,0.015
CYP186,CYP123,0.015
CYP186,CYP124,0.015
CYP186,CYP125,0.015
CYP186,CYP126,0.015
CYP186,CYP130,0.015
CYP186,CYP135,0.015
CYP186,CYP136,0.015
CYP186,CYP138,0.015
CYP186,CYP140,0.015
CYP186,CYP142,0.015
CYP186,CYP144,0.015
CYP186,CYP150,0.015
CYP186,CYP151,0.015
CYP186,CYP164,0.015
CYP186,CYP185,0.015
CYP186,CYP187,0.015
CYP186,CYP188,0.015
CYP186,CYP189,0.015
CYP186,CYP190,0.015
CYP186,CYP191,0.015
CYP186,CYP268,0.015
CYP186,CYP279,0.01
CYP186,CYP51,0.015
CYP186,New_family_1,0.015
CYP186,New_family_3,0.01
CYP186,New_family_5,0.01
CYP187,CYP102,0.005
CYP187,CYP1027,0.015
CYP187,CYP1034,0.02
CYP187,CYP105,0.06
CYP187,CYP107,0.015
CYP187,CYP108,0.06
CYP187,CYP123,0.06
CYP187,CYP124,0.06
CYP187,CYP125,0.06
CYP187,CYP126,0.06
CYP187,CYP130,0.06
CYP187,CYP135,0.025
CYP187,CYP136,0.06
CYP187,CYP138,0.06
CYP187,CYP139,0.025
CYP187,CYP140,0.06
CYP187,CYP142,0.06
CYP187,CYP143,0.03
CYP187,CYP144,0.06
CYP187,CYP150,0.06
CYP187,CYP151,0.02
CYP187,CYP153,0.005
CYP187,CYP164,0.055
CYP187,CYP185,0.055
CYP187,CYP186,0.015
CYP187,CYP188,0.06
CYP187,CYP189,0.06
CYP187,CYP190,0.06
CYP187,CYP191,0.06
CYP187,CYP243,0.035
CYP187,CYP268,0.055
CYP187,CYP272,0.025
CYP187,CYP279,0.055
CYP187,CYP282,0.01
CYP187,CYP291,0.035
CYP187,CYP51,0.06
CYP187,New_family_1,0.06
CYP187,New_family_2,0.04
CYP187,New_family_3,0.01
CYP187,New_family_4,0.005
CYP187,New_family_5,0.01
CYP188,CYP102,0.005
CYP188,CYP1027,0.015
CYP188,CYP1034,0.02
CYP188,CYP105,0.06
CYP188,CYP107,0.015
CYP188,CYP108,0.06
CYP188,CYP123,0.06
CYP188,CYP124,0.06
CYP188,CYP125,0.06
CYP188,CYP126,0.06
CYP188,CYP130,0.06
CYP188,CYP135,0.025
CYP188,CYP136,0.06
CYP188,CYP138,0.06
CYP188,CYP139,0.025
CYP188,CYP140,0.06
CYP188,CYP142,0.06
CYP188,CYP143,0.03
CYP188,CYP144,0.06
CYP188,CYP150,0.06
CYP188,CYP151,0.02
CYP188,CYP153,0.005
CYP188,CYP164,0.055
CYP188,CYP185,0.055
CYP188,CYP186,0.015
CYP188,CYP187,0.06
CYP188,CYP189,0.06
CYP188,CYP190,0.06
CYP188,CYP191,0.06
CYP188,CYP243,0.035
CYP188,CYP268,0.055
CYP188,CYP272,0.025
CYP188,CYP279,0.055
CYP188,CYP282,0.01
CYP188,CYP291,0.035
CYP188,CYP51,0.06
CYP188,New_family_1,0.06
CYP188,New_family_2,0.04
CYP188,New_family_3,0.01
CYP188,New_family_4,0.005
CYP188,New_family_5,0.01
CYP189,CYP102,0.005
CYP189,CYP1027,0.015
CYP189,CYP1034,0.02
CYP189,CYP105,0.06
CYP189,CYP107,0.015
CYP189,CYP108,0.06
CYP189,CYP123,0.06
CYP189,CYP124,0.06
CYP189,CYP125,0.06
CYP189,CYP126,0.06
CYP189,CYP130,0.06
CYP189,CYP135,0.025
CYP189,CYP136,0.06
CYP189,CYP138,0.06
CYP189,CYP139,0.025
CYP189,CYP140,0.06
CYP189,CYP142,0.06
CYP189,CYP143,0.03
CYP189,CYP144,0.06
CYP189,CYP150,0.06
CYP189,CYP151,0.02
CYP189,CYP153,0.005
CYP189,CYP164,0.055
CYP189,CYP185,0.055
CYP189,CYP186,0.015
CYP189,CYP187,0.06
CYP189,CYP188,0.06
CYP189,CYP190,0.06
CYP189,CYP191,0.06
CYP189,CYP243,0.035
CYP189,CYP268,0.055
CYP189,CYP272,0.025
CYP189,CYP279,0.055
CYP189,CYP282,0.01
CYP189,CYP291,0.035
CYP189,CYP51,0.06
CYP189,New_family_1,0.06
CYP189,New_family_2,0.04
CYP189,New_family_3,0.01
CYP189,New_family_4,0.005
CYP189,New_family_5,0.01
CYP190,CYP102,0.005
CYP190,CYP1027,0.015
CYP190,CYP1034,0.02
CYP190,CYP105,0.06
CYP190,CYP107,0.015
CYP190,CYP108,0.06
CYP190,CYP123,0.06
CYP190,CYP124,0.06
CYP190,CYP125,0.06
CYP190,CYP126,0.06
CYP190,CYP130,0.06
CYP190,CYP135,0.025
CYP190,CYP136,0.06
CYP190,CYP138,0.06
CYP190,CYP139,0.025
CYP190,CYP140,0.06
CYP190,CYP142,0.06
CYP190,CYP143,0.03
CYP190,CYP144,0.06
CYP190,CYP150,0.06
CYP190,CYP151,0.02
CYP190,CYP153,0.005
CYP190,CYP164,0.055
CYP190,CYP185,0.055
CYP190,CYP186,0.015
CYP190,CYP187,0.06
CYP190,CYP188,0.06
CYP190,CYP189,0.06
CYP190,CYP191,0.06
CYP190,CYP243,0.035
CYP190,CYP268,0.055
CYP190,CYP272,0.025
CYP190,CYP279,0.055
CYP190,CYP282,0.01
CYP190,CYP291,0.035
CYP190,CYP51,0.06
CYP190,New_family_1,0.06
CYP190,New_family_2,0.04
CYP190,New_family_3,0.01
CYP190,New_family_4,0.005
CYP190,New_family_5,0.01
CYP191,CYP102,0.005
CYP191,CYP1027,0.015
CYP191,CYP1034,0.02
CYP191,CYP105,0.06
CYP191,CYP107,0.015
CYP191,CYP108,0.06
CYP191,CYP123,0.06
CYP191,CYP124,0.06
CYP191,CYP125,0.06
CYP191,CYP126,0.06
CYP191,CYP130,0.06
CYP191,CYP135,0.025
CYP191,CYP136,0.06
CYP191,CYP138,0.06
CYP191,CYP139,0.025
CYP191,CYP140,0.06
CYP191,CYP142,0.06
CYP191,CYP143,0.03
CYP191,CYP144,0.06
CYP191,CYP150,0.06
CYP191,CYP151,0.02
CYP191,CYP153,0.005
CYP191,CYP164,0.055
CYP191,CYP185,0.055
CYP191,CYP186,0.015
CYP191,CYP187,0.06
CYP191,CYP188,0.06
CYP191,CYP189,0.06
CYP191,CYP190,0.06
CYP191,CYP243,0.035
CYP191,CYP268,0.055
CYP191,CYP272,0.025
CYP191,CYP279,0.055
CYP191,CYP282,0.01
CYP191,CYP291,0.035
CYP191,CYP51,0.06
CYP191,New_family_1,0.06
CYP191,New_family_2,0.04
CYP191,New_family_3,0.01
CYP191,New_family_4,0.005
CYP191,New_family_5,0.01
CYP243,CYP1027,0.01
CYP243,CYP1034,0.02
CYP243,CYP105,0.035
CYP243,CYP108,0.035
CYP243,CYP123,0.035
CYP243,CYP124,0.035
CYP243,CYP125,0.035
CYP243,CYP126,0.035
CYP243,CYP130,0.035
CYP243,CYP136,0.035
CYP243,CYP138,0.035
CYP243,CYP139,0.025
CYP243,CYP140,0.035
CYP243,CYP142,0.035
CYP243,CYP143,0.03
CYP243,CYP144,0.035
CYP243,CYP150,0.035
CYP243,CYP153,0.005
CYP243,CYP164,0.035
CYP243,CYP185,0.03
CYP243,CYP187,0.035
CYP243,CYP188,0.035
CYP243,CYP189,0.035
CYP243,CYP190,0.035
CYP243,CYP191,0.035
CYP243,CYP268,0.035
CYP243,CYP272,0.025
CYP243,CYP279,0.035
CYP243,CYP291,0.035
CYP243,CYP51,0.035
CYP243,New_family_1,0.035
CYP243,New_family_2,0.035
CYP268,CYP102,0.005
CYP268,CYP1027,0.01
CYP268,CYP1034,0.02
CYP268,CYP105,0.055
CYP268,CYP107,0.015
CYP268,CYP108,0.055
CYP268,CYP123,0.055
CYP268,CYP124,0.055
CYP268,CYP125,0.055
CYP268,CYP126,0.055
CYP268,CYP130,0.055
CYP268,CYP135,0.02
CYP268,CYP136,0.055
CYP268,CYP138,0.055
CYP268,CYP139,0.025
CYP268,CYP140,0.055
CYP268,CYP142,0.055
CYP268,CYP143,0.03
CYP268,CYP144,0.055
CYP268,CYP150,0.055
CYP268,CYP151,0.02
CYP268,CYP153,0.005
CYP268,CYP164,0.05
CYP268,CYP185,0.05
CYP268,CYP186,0.015
CYP268,CYP187,0.055
CYP268,CYP188,0.055
CYP268,CYP189,0.055
CYP268,CYP190,0.055
CYP268,CYP191,0.055
CYP268,CYP243,0.035
CYP268,CYP272,0.025
CYP268,CYP279,0.05
CYP268,CYP282,0.005
CYP268,CYP291,0.035
CYP268,CYP51,0.055
CYP268,New_family_1,0.055
CYP268,New_family_2,0.035
CYP268,New_family_3,0.01
CYP268,New_family_5,0.01
CYP272,CYP1034,0.02
CYP272,CYP105,0.025
CYP272,CYP108,0.025
CYP272,CYP123,0.025
CYP272,CYP124,0.025
CYP272,CYP125,0.025
CYP272,CYP126,0.025
CYP272,CYP130,0.025
CYP272,CYP136,0.025
CYP272,CYP138,0.025
CYP272,CYP139,0.025
CYP272,CYP140,0.025
CYP272,CYP142,0.025
CYP272,CYP143,0.02
CYP272,CYP144,0.025
CYP272,CYP150,0.025
CYP272,CYP164,0.025
CYP272,CYP185,0.02
CYP272,CYP187,0.025
CYP272,CYP188,0.025
CYP272,CYP189,0.025
CYP272,CYP190,0.025
CYP272,CYP191,0.025
CYP272,CYP243,0.025
CYP272,CYP268,0.025
CYP272,CYP279,0.025
CYP272,CYP291,0.025
CYP272,CYP51,0.025
CYP272,New_family_1,0.025
CYP272,New_family_2,0.025
CYP279,CYP102,0.005
CYP279,CYP1027,0.015
CYP279,CYP1034,0.02
CYP279,CYP105,0.055
CYP279,CYP107,0.01
CYP279,CYP108,0.055
CYP279,CYP123,0.055
CYP279,CYP124,0.055
CYP279,CYP125,0.055
CYP279,CYP126,0.055
CYP279,CYP130,0.055
CYP279,CYP135,0.02
CYP279,CYP136,0.055
CYP279,CYP138,0.055
CYP279,CYP139,0.025
CYP279,CYP140,0.055
CYP279,CYP142,0.055
CYP279,CYP143,0.03
CYP279,CYP144,0.055
CYP279,CYP150,0.055
CYP279,CYP151,0.015
CYP279,CYP153,0.005
CYP279,CYP164,0.05
CYP279,CYP185,0.05
CYP279,CYP186,0.01
CYP279,CYP187,0.055
CYP279,CYP188,0.055
CYP279,CYP189,0.055
CYP279,CYP190,0.055
CYP279,CYP191,0.055
CYP279,CYP243,0.035
CYP279,CYP268,0.05
CYP279,CYP272,0.025
CYP279,CYP282,0.01
CYP279,CYP291,0.035
CYP279,CYP51,0.055
CYP279,New_family_1,0.055
CYP279,New_family_2,0.04
CYP279,New_family_3,0.01
CYP279,New_family_4,0.005
CYP279,New_family_5,0.01
CYP282,CYP102,0.005
CYP282,CYP1027,0.005
CYP282,CYP105,0.01
CYP282,CYP108,0.01
CYP282,CYP123,0.01
CYP282,CYP124,0.01
CYP282,CYP125,0.01
CYP282,CYP126,0.01
CYP282,CYP130,0.01
CYP282,CYP135,0.01
CYP282,CYP136,0.01
CYP282,CYP138,0.01
CYP282,CYP140,0.01
CYP282,CYP142,0.01
CYP282,CYP144,0.01
CYP282,CYP150,0.01
CYP282,CYP151,0.005
CYP282,CYP164,0.005
CYP282,CYP185,0.01
CYP282,CYP187,0.01
CYP282,CYP188,0.01
CYP282,CYP189,0.01
CYP282,CYP190,0.01
CYP282,CYP191,0.01
CYP282,CYP268,0.005
CYP282,CYP279,0.01
CYP282,CYP51,0.01
CYP282,New_family_1,0.01
CYP282,New_family_2,0.005
CYP282,New_family_4,0.005
CYP291,CYP1027,0.01
CYP291,CYP1034,0.02
CYP291,CYP105,0.035
CYP291,CYP108,0.035
CYP291,CYP123,0.035
CYP291,CYP124,0.035
CYP291,CYP125,0.035
CYP291,CYP126,0.035
CYP291,CYP130,0.035
CYP291,CYP136,0.035
CYP291,CYP138,0.035
CYP291,CYP139,0.025
CYP291,CYP140,0.035
CYP291,CYP142,0.035
CYP291,CYP143,0.03
CYP291,CYP144,0.035
CYP291,CYP150,0.035
CYP291,CYP153,0.005
CYP291,CYP164,0.035
CYP291,CYP185,0.03
CYP291,CYP187,0.035
CYP291,CYP188,0.035
CYP291,CYP189,0.035
CYP291,CYP190,0.035
CYP291,CYP191,0.035
CYP291,CYP243,0.035
CYP291,CYP268,0.035
CYP291,CYP272,0.025
CYP291,CYP279,0.035
CYP291,CYP51,0.035
CYP291,New_family_1,0.035
CYP291,New_family_2,0.035
CYP51,CYP102,0.005
CYP51,CYP1027,0.015
CYP51,CYP1034,0.02
CYP51,CYP105,0.06
CYP51,CYP107,0.015
CYP51,CYP108,0.06
CYP51,CYP121,0.185
CYP51,CYP123,0.235
CYP51,CYP124,0.245
CYP51,CYP125,0.08
CYP51,CYP126,0.075
CYP51,CYP128,0.185
CYP51,CYP130,0.22
CYP51,CYP135,0.21
CYP51,CYP136,0.245
CYP51,CYP137,0.185
CYP51,CYP138,0.245
CYP51,CYP139,0.21
CYP51,CYP140,0.245
CYP51,CYP141,0.16
CYP51,CYP142,0.235
CYP51,CYP143,0.215
CYP51,CYP144,0.245
CYP51,CYP150,0.06
CYP51,CYP151,0.02
CYP51,CYP153,0.005
CYP51,CYP164,0.055
CYP51,CYP185,0.055
CYP51,CYP186,0.015
CYP51,CYP187,0.06
CYP51,CYP188,0.06
CYP51,CYP189,0.06
CYP51,CYP190,0.06
CYP51,CYP191,0.06
CYP51,CYP243,0.035
CYP51,CYP268,0.055
CYP51,CYP272,0.025
CYP51,CYP279,0.055
CYP51,CYP282,0.01
CYP51,CYP291,0.035
CYP51,New_family_1,0.24
CYP51,New_family_2,0.04
CYP51,New_family_3,0.01
CYP51,New_family_4,0.005
CYP51,New_family_5,0.01
New_family_1,CYP102,0.005
New_family_1,CYP1027,0.015
New_family_1,CYP1034,0.02
New_family_1,CYP105,0.06
New_family_1,CYP107,0.015
New_family_1,CYP108,0.06
New_family_1,CYP121,0.185
New_family_1,CYP123,0.235
New_family_1,CYP124,0.245
New_family_1,CYP125,0.085
New_family_1,CYP126,0.08
New_family_1,CYP128,0.18
New_family_1,CYP130,0.22
New_family_1,CYP135,0.21
New_family_1,CYP136,0.245
New_family_1,CYP137,0.185
New_family_1,CYP138,0.245
New_family_1,CYP139,0.21
New_family_1,CYP140,0.245
New_family_1,CYP141,0.155
New_family_1,CYP142,0.235
New_family_1,CYP143,0.215
New_family_1,CYP144,0.245
New_family_1,CYP150,0.06
New_family_1,CYP151,0.02
New_family_1,CYP153,0.005
New_family_1,CYP164,0.055
New_family_1,CYP185,0.055
New_family_1,CYP186,0.015
New_family_1,CYP187,0.06
New_family_1,CYP188,0.06
New_family_1,CYP189,0.06
New_family_1,CYP190,0.06
New_family_1,CYP191,0.06
New_family_1,CYP243,0.035
New_family_1,CYP268,0.055
New_family_1,CYP272,0.025
New_family_1,CYP279,0.055
New_family_1,CYP282,0.01
New_family_1,CYP291,0.035
New_family_1,CYP51,0.24
New_family_1,New_family_2,0.04
New_family_1,New_family_3,0.01
New_family_1,New_family_4,0.005
New_family_1,New_family_5,0.01
New_family_2,CYP1027,0.015
New_family_2,CYP1034,0.02
New_family_2,CYP105,0.04
New_family_2,CYP108,0.04
New_family_2,CYP123,0.04
New_family_2,CYP124,0.04
New_family_2,CYP125,0.04
New_family_2,CYP126,0.04
New_family_2,CYP130,0.04
New_family_2,CYP135,0.005
New_family_2,CYP136,0.04
New_family_2,CYP138,0.04
New_family_2,CYP139,0.025
New_family_2,CYP140,0.04
New_family_2,CYP142,0.04
New_family_2,CYP143,0.03
New_family_2,CYP144,0.04
New_family_2,CYP150,0.04
New_family_2,CYP153,0.005
New_family_2,CYP164,0.04
New_family_2,CYP185,0.035
New_family_2,CYP187,0.04
New_family_2,CYP188,0.04
New_family_2,CYP189,0.04
New_family_2,CYP190,0.04
New_family_2,CYP191,0.04
New_family_2,CYP243,0.035
New_family_2,CYP268,0.035
New_family_2,CYP272,0.025
New_family_2,CYP279,0.04
New_family_2,CYP282,0.005
New_family_2,CYP291,0.035
New_family_2,CYP51,0.04
New_family_2,New_family_1,0.04
New_family_2,New_family_4,0.005
New_family_3,CYP105,0.01
New_family_3,CYP107,0.01
New_family_3,CYP108,0.01
New_family_3,CYP123,0.01
New_family_3,CYP124,0.01
New_family_3,CYP125,0.01
New_family_3,CYP126,0.01
New_family_3,CYP130,0.01
New_family_3,CYP135,0.01
New_family_3,CYP136,0.01
New_family_3,CYP138,0.01
New_family_3,CYP140,0.01
New_family_3,CYP142,0.01
New_family_3,CYP144,0.01
New_family_3,CYP150,0.01
New_family_3,CYP151,0.01
New_family_3,CYP164,0.01
New_family_3,CYP185,0.01
New_family_3,CYP186,0.01
New_family_3,CYP187,0.01
New_family_3,CYP188,0.01
New_family_3,CYP189,0.01
New_family_3,CYP190,0.01
New_family_3,CYP191,0.01
New_family_3,CYP268,0.01
New_family_3,CYP279,0.01
New_family_3,CYP51,0.01
New_family_3,New_family_1,0.01
New_family_3,New_family_5,0.01
New_family_4,CYP1027,0.005
New_family_4,CYP105,0.005
New_family_4,CYP108,0.005
New_family_4,CYP123,0.005
New_family_4,CYP124,0.005
New_family_4,CYP125,0.005
New_family_4,CYP126,0.005
New_family_4,CYP130,0.005
New_family_4,CYP135,0.005
New_family_4,CYP136,0.005
New_family_4,CYP138,0.005
New_family_4,CYP140,0.005
New_family_4,CYP142,0.005
New_family_4,CYP144,0.005
New_family_4,CYP150,0.005
New_family_4,CYP164,0.005
New_family_4,CYP185,0.005
New_family_4,CYP187,0.005
New_family_4,CYP188,0.005
New_family_4,CYP189,0.005
New_family_4,CYP190,0.005
New_family_4,CYP191,0.005
New_family_4,CYP279,0.005
New_family_4,CYP282,0.005
New_family_4,CYP51,0.005
New_family_4,New_family_1,0.005
New_family_4,New_family_2,0.005
New_family_5,CYP105,0.01
New_family_5,CYP107,0.01
New_family_5,CYP108,0.01
New_family_5,CYP123,0.01
New_family_5,CYP124,0.01
New_family_5,CYP125,0.01
New_family_5,CYP126,0.01
New_family_5,CYP130,0.01
New_family_5,CYP135,0.01
New_family_5,CYP136,0.01
New_family_5,CYP138,0.01
New_family_5,CYP140,0.01
New_family_5,CYP142,0.01
New_family_5,CYP144,0.01
New_family_5,CYP150,0.01
New_family_5,CYP151,0.01
New_family_5,CYP164,0.01
New_family_5,CYP185,0.01
New_family_5,CYP186,0.01
New_family_5,CYP187,0.01
New_family_5,CYP188,0.01
New_family_5,CYP189,0.01
New_family_5,CYP190,0.01
New_family_5,CYP191,0.01
New_family_5,CYP268,0.01
New_family_5,CYP279,0.01
New_family_5,CYP51,0.01
New_family_5,New_family_1,0.01
New_family_5,New_family_3,0.01
